8874071994	q00r00-s000-colorability-screen	045e6c0ca2214bc9ee43a4d5a7cfe1c2ccdd5c9e5c45fbab29f92476d04fb082	1572365	2026-08-03T22:53:23Z	2026-11-01T21:55:55Z
8874073477	q00r00-s001-colorability-screen	34045e44ee412fb6b1f9bebd9d51c994365372dc35be474641918bac156271bf	1563678	2026-08-03T22:53:27Z	2026-11-01T21:55:55Z
8874074230	q00r00-s002-colorability-screen	defa07cbbc07abb2ee18cf78ea1c9491f6ec2fd4a2003dae4dc68b061208e4da	1662109	2026-08-03T22:53:29Z	2026-11-01T21:55:55Z
8873449650	q00r00-s003-colorability-screen	b00326e5c74eb89a277fb0218f3cd0374fde243c0ab92abc4af0162a3c39a2ab	1454023	2026-08-03T22:26:52Z	2026-11-01T21:55:55Z
8873451896	q00r00-s004-colorability-screen	2de9ada629df339cf2dfc7aec6aeb3abd5c27dfdfde25cb90a7a869ae2d78edc	1586051	2026-08-03T22:26:57Z	2026-11-01T21:55:55Z
8874069930	q00r00-s005-colorability-screen	039daf219f03a343d517b57d2fd12d4a89af81d22a9721a9099010febf6ea7bb	1571635	2026-08-03T22:53:18Z	2026-11-01T21:55:55Z
8874153904	q00r00-s006-colorability-screen	4e018ed8f9302556f18931374ecb4c95e21bd255f55e0bb980e23bb4296be8d5	1458775	2026-08-03T22:57:05Z	2026-11-01T21:55:55Z
8874156680	q00r00-s007-colorability-screen	f6a31ee21b1bfbff6c29cc30c4151c5638a7142fbb2fea5f340ef3fc689df894	1778425	2026-08-03T22:57:12Z	2026-11-01T21:55:55Z
8874700342	q00r00-s008-colorability-screen	8ba01ad8bc005a6273882c0783f9081ce85f5faf0f2fe09df24d953c484cc716	1454350	2026-08-03T23:23:42Z	2026-11-01T21:55:55Z
8874698947	q00r00-s009-colorability-screen	b8ab56973d44cf4c021a6b2fd3788a4b985bbe7f93f8c020f62e8a68d585745e	1699896	2026-08-03T23:23:38Z	2026-11-01T21:55:55Z
8874700630	q00r00-s010-colorability-screen	3b1515b51638b7a98486667b814e1e60514f4e70b813e7a87ef2dde3289e98fc	1311367	2026-08-03T23:23:42Z	2026-11-01T21:55:55Z
8874701530	q00r00-s011-colorability-screen	8c967eb0643bf60a6dc1562e6284ab6450ef756dce844fdf497abc114ffac3fe	1318124	2026-08-03T23:23:45Z	2026-11-01T21:55:55Z
8874780795	q00r00-s012-colorability-screen	72ab6439121e13885a19d8441e4f2900a6f709af1f4b152db3b815705a7846f3	1235320	2026-08-03T23:27:26Z	2026-11-01T21:55:55Z
8874782331	q00r00-s013-colorability-screen	eb1e3993d4d8981088e695a97c7cbf4a1252a3a2be715f0a7efb8ccf7081f77a	1385942	2026-08-03T23:27:30Z	2026-11-01T21:55:55Z
8875327073	q00r00-s014-colorability-screen	d715c796008eb706d4889b8e77eebbd19a0f01a4dadba9f9a0a023c355390395	1571907	2026-08-03T23:53:53Z	2026-11-01T21:55:55Z
8875328100	q00r00-s015-colorability-screen	db07a43206f056ffbe3292496cecb74c1bef86f87250ab55e322fb0c807e4ff7	1272914	2026-08-03T23:53:55Z	2026-11-01T21:55:55Z
8875328788	q00r00-s016-colorability-screen	9508b27b29dd68eede0c312c9d5bd4b3ebbf0922e0845689a278dcdd204d6870	1461434	2026-08-03T23:53:57Z	2026-11-01T21:55:55Z
8875328262	q00r00-s017-colorability-screen	bafd727bf4cc10d032c8012cf5ace20cf0696e0cafc69e1dd7723265a58196c4	1228810	2026-08-03T23:53:56Z	2026-11-01T21:55:55Z
8875400252	q00r00-s018-colorability-screen	d008f22f69fbfafe2fd77b5a5c0c0898ddacd9acd933c2d0f96b3dbb29611fe2	1388386	2026-08-03T23:57:37Z	2026-11-01T21:55:55Z
8875402469	q00r00-s019-colorability-screen	20986f5e5ccd9f740bf16f9b002252982a33f0b88467f163015feffe3615541a	1289895	2026-08-03T23:57:44Z	2026-11-01T21:55:55Z
8875906032	q00r00-s020-colorability-screen	b21ab11eade01001cfa4d55a02576bbecb93fafd8c7f678b6fd4b87380c9d74f	1313113	2026-08-04T00:24:10Z	2026-11-01T21:55:55Z
8875906589	q00r00-s021-colorability-screen	4302cc33a87240b34a095c8212d6b8f8058ce51a9665f0cbad7ce001a5086f11	1275128	2026-08-04T00:24:12Z	2026-11-01T21:55:55Z
8875905237	q00r00-s022-colorability-screen	8f6f8b1ab20d9060af0735c607d9d7fb33f8654050ea4f74ea395b7dc386a90a	1496314	2026-08-04T00:24:07Z	2026-11-01T21:55:55Z
8875905735	q00r00-s023-colorability-screen	66508be4478dea584994373c6c3476198e7f9466ee817ae23a72ba06bb0a19e3	1141770	2026-08-04T00:24:09Z	2026-11-01T21:55:55Z
8875979989	q00r00-s024-colorability-screen	c7218131ed1535e460f16e810e24944d93d11a1456d3e1f715e86aaad1221901	1252130	2026-08-04T00:27:56Z	2026-11-01T21:55:55Z
8875979815	q00r00-s025-colorability-screen	7edd5312f3c261ef6b7003825e9b244f888dcf04ed648c3373df2f95cbca2fb3	1279049	2026-08-04T00:27:55Z	2026-11-01T21:55:55Z
8876483991	q00r00-s026-colorability-screen	288c2a9c053ac362c41647723ef50ec2f1b737229172eb3b9450ec0d11d7ff09	1189084	2026-08-04T00:54:21Z	2026-11-01T21:55:55Z
8876486745	q00r00-s027-colorability-screen	dc2abe88ad9053a9180ee4c20a30f5ba6b23ccd41c4534b4419b5c1c0d66663d	1278036	2026-08-04T00:54:29Z	2026-11-01T21:55:55Z
8876486636	q00r00-s028-colorability-screen	a488594919bfcd2037e832540bf23434f1be54ceb392ba8b68d586e0813fa0f1	1177688	2026-08-04T00:54:29Z	2026-11-01T21:55:55Z
8876485775	q00r00-s029-colorability-screen	115fee4428fcea50fc1238fcbac8e38049865fa98e15294a8134aebe61d08b0b	1124038	2026-08-04T00:54:26Z	2026-11-01T21:55:55Z
8876557820	q00r00-s030-colorability-screen	c0094a8b6636d103a96700fd75f7ff3880056687f2a191a5e4d1ba7e22a14d55	1152943	2026-08-04T00:58:05Z	2026-11-01T21:55:55Z
8876559447	q00r00-s031-colorability-screen	aa59c90b0acb4a796252620be647465eb6264f6d5f8141388d35046e28ecf884	1064440	2026-08-04T00:58:10Z	2026-11-01T21:55:55Z
8877046019	q00r00-s032-colorability-screen	31bf534b9b0adddeae1808cca87a524f2f68f12dc176ee5fe1f1c0644f67fef0	1444891	2026-08-04T01:24:38Z	2026-11-01T21:55:55Z
8877049123	q00r00-s033-colorability-screen	11289ebd2ca805bf962c02bbc37394c7408c83207ba6bd23dc1f5984dc615d5c	1170698	2026-08-04T01:24:48Z	2026-11-01T21:55:55Z
8877048178	q00r00-s034-colorability-screen	ef8da7ba83a2d451b9448f2dca0f35b624f78eb6b894205c9f4afa1252913059	775764	2026-08-04T01:24:45Z	2026-11-01T21:55:55Z
8877048571	q00r00-s035-colorability-screen	6a5905ad3f9b6ed5dce492800932cb9ff077b2262dfbb23c108b0d89826151fb	779868	2026-08-04T01:24:46Z	2026-11-01T21:55:55Z
8877053537	q00r00-sixth-base-colorability-screen-summary	12835d05ef685f1696c406fc1237804c77be9806b47ac200fa6e7de275aa4c77	16145	2026-08-04T01:25:03Z	2026-11-01T21:55:55Z
8872732140	q00r00-sixth-base-screen-inputs-cca43b17354619afd473c835d63f363a16cae5bf	e8a72c056e5fc7ae98727b52a41680ba8eb50a8cbf7c0a3ad54d8d207346525e	12979264	2026-08-03T21:56:38Z	2026-11-01T21:55:55Z
