left,right
005,0fa
005,17a
005,1da
005,1ea
005,2ea
005,35a
005,36a
005,372
005,3aa
005,4ea
005,55a
006,0f9
006,179
006,1d9
006,1e9
006,2d9
006,2e9
006,2f1
006,359
006,369
006,371
006,399
006,3a9
006,4d9
006,4e9
006,4f1
006,559
006,599
009,276
009,2e6
009,356
009,366
009,372
009,476
009,4e6
009,556
009,666
00a,275
00a,2d5
00a,2e5
00a,2f1
00a,355
00a,365
00a,371
00a,475
00a,4d5
00a,4e5
00a,4f1
00a,555
00a,655
00a,665
00a,6a5
00a,715
00c,0f3
00c,1d3
00c,273
00c,2e3
00c,2f1
00c,353
00c,371
00c,372
00c,4f1
00f,2f1
00f,371
00f,372
00f,4f1
011,0ee
011,16e
011,1ce
011,1ea
011,26e
011,2ae
011,2ce
011,2e6
011,2ea
011,2ec
011,32e
011,34e
011,366
011,36a
011,36c
011,38e
011,3aa
011,46e
011,4ae
011,4ce
011,4e6
011,4ea
011,4ec
011,54e
011,56c
011,58e
011,64e
011,666
011,70e
017,0e8
017,168
017,1e9
017,1ea
017,2e9
017,2ea
017,2ec
017,369
017,36a
017,36c
017,3a9
017,3aa
017,4e9
017,4ea
017,4ec
017,56c
01b,264
01b,2e5
01b,2e6
01b,2ec
01b,365
01b,366
01b,36c
01b,464
01b,4e5
01b,4e6
01b,4ec
01b,56c
01b,665
01b,666
01b,6a5
01d,0e2
01d,1ea
01d,262
01d,2e3
01d,2e6
01d,2ea
01d,366
01d,36a
01d,372
01d,3aa
01d,4e6
01d,4ea
01d,666
01e,0e1
01e,1e9
01e,261
01e,2a1
01e,2e3
01e,2e5
01e,2e9
01e,2f1
01e,365
01e,369
01e,371
01e,3a9
01e,4e5
01e,4e9
01e,4f1
01e,665
01e,6a5
02d,152
02d,1d3
02d,1da
02d,353
02d,356
02d,35a
02d,372
02d,556
02d,55a
02e,0d1
02e,151
02e,1d3
02e,1d9
02e,251
02e,2d5
02e,2d9
02e,2f1
02e,311
02e,353
02e,355
02e,359
02e,371
02e,399
02e,451
02e,4d5
02e,4d9
02e,4f1
02e,555
02e,559
02e,599
02e,655
02e,715
041,2ae
041,31e
041,32e
041,38e
041,3aa
041,4ae
041,51e
041,58e
041,70e
042,29d
042,2ad
042,31d
042,32d
042,38d
042,399
042,3a9
042,49d
042,4ad
042,51d
042,58d
042,599
042,68d
042,6a5
042,70d
042,715
044,0bb
044,19b
044,2ab
044,31b
044,38b
044,399
044,3a9
044,3aa
044,599
047,399
047,3a9
047,3aa
047,599
048,237
048,2a7
048,317
048,387
048,6a5
048,715
04b,6a5
04b,715
04d,372
04d,3aa
04e,2a1
04e,2f1
04e,311
04e,371
04e,399
04e,3a9
04e,4f1
04e,599
04e,6a5
04e,715
050,0af
050,18f
050,22f
050,28f
050,2a7
050,2ab
050,2ad
050,2ae
050,30f
050,32d
050,32e
050,387
050,38b
050,38d
050,38e
050,3a9
050,3aa
050,48f
050,4ad
050,4ae
050,58d
050,58e
050,60f
050,68d
050,6a5
050,70d
050,70e
053,28c
053,2ad
053,2ae
053,2ec
053,30c
053,32d
053,32e
053,36c
053,38d
053,38e
053,3a9
053,3aa
053,48c
053,4ad
053,4ae
053,4ec
053,50c
053,56c
053,58d
053,58e
053,68d
053,6a5
053,70d
053,70e
055,0aa
055,18a
055,1ea
055,2ab
055,2ae
055,2ea
055,30a
055,32e
055,36a
055,38b
055,38e
055,3a9
055,3aa
055,4ae
055,4ea
055,58e
055,70e
056,0a9
056,189
056,1e9
056,289
056,2a1
056,2ab
056,2ad
056,2e9
056,309
056,32d
056,369
056,38b
056,38d
056,399
056,3a9
056,3aa
056,489
056,4ad
056,4e9
056,58d
056,599
056,68d
056,6a5
056,70d
059,226
059,2a7
059,2ae
059,2e6
059,306
059,32e
059,366
059,387
059,38e
059,3aa
059,4ae
059,4e6
059,58e
059,666
059,6a5
059,70e
05a,225
05a,285
05a,2a1
05a,2a7
05a,2ad
05a,2e5
05a,305
05a,32d
05a,365
05a,387
05a,38d
05a,3a9
05a,485
05a,4ad
05a,4e5
05a,58d
05a,605
05a,665
05a,68d
05a,6a5
05a,70d
05a,715
05c,2a1
05c,2a7
05c,2ab
05c,2e3
05c,387
05c,38b
05c,3a9
05c,3aa
05c,6a5
05f,2a1
05f,3a9
05f,3aa
05f,6a5
060,09f
060,11f
060,18f
060,19b
060,21f
060,28f
060,29d
060,30f
060,317
060,31b
060,31d
060,31e
060,387
060,38b
060,38d
060,38e
060,399
060,41f
060,48f
060,49d
060,51d
060,51e
060,58d
060,58e
060,599
060,60f
060,68d
060,70d
060,70e
060,715
065,11a
065,18a
065,19b
065,1da
065,30a
065,31b
065,31e
065,35a
065,38b
065,38e
065,399
065,3aa
065,51e
065,55a
065,58e
065,599
065,70e
066,099
066,119
066,189
066,19b
066,1d9
066,289
066,29d
066,2d9
066,309
066,311
066,31b
066,31d
066,359
066,38b
066,38d
066,399
066,3a9
066,489
066,49d
066,4d9
066,51d
066,559
066,58d
066,599
066,68d
066,70d
066,715
069,306
069,317
069,31e
069,356
069,387
069,38e
069,51e
069,556
069,58e
069,70e
069,715
06a,215
06a,285
06a,29d
06a,2d5
06a,305
06a,311
06a,317
06a,31d
06a,355
06a,387
06a,38d
06a,399
06a,415
06a,485
06a,49d
06a,4d5
06a,51d
06a,555
06a,58d
06a,599
06a,605
06a,655
06a,68d
06a,6a5
06a,70d
06a,715
06c,19b
06c,1d3
06c,311
06c,317
06c,31b
06c,353
06c,387
06c,38b
06c,399
06c,599
06c,715
06f,311
06f,399
06f,599
06f,715
071,08e
071,10e
071,18a
071,18f
071,1ce
071,20e
071,28c
071,28f
071,2ae
071,2ce
071,306
071,30a
071,30c
071,30f
071,31e
071,32e
071,34e
071,387
071,38b
071,38d
071,38e
071,3aa
071,40e
071,48c
071,48f
071,4ae
071,4ce
071,50c
071,51e
071,54e
071,58d
071,58e
071,60f
071,64e
071,68d
071,70d
071,70e
072,08d
072,10d
072,189
072,18f
072,1cd
072,20d
072,285
072,289
072,28c
072,28f
072,29d
072,2ad
072,2cd
072,305
072,309
072,30c
072,30f
072,31d
072,32d
072,34d
072,387
072,38b
072,38d
072,38e
072,399
072,3a9
072,40d
072,485
072,489
072,48c
072,48f
072,49d
072,4ad
072,4cd
072,50c
072,51d
072,54d
072,58d
072,58e
072,599
072,605
072,60f
072,64d
072,68d
072,6a5
072,70d
072,70e
072,715
077,088
077,108
077,189
077,18a
077,289
077,28c
077,309
077,30a
077,30c
077,38b
077,38d
077,38e
077,399
077,3a9
077,3aa
077,489
077,48c
077,50c
077,58d
077,58e
077,599
077,68d
077,70d
077,70e
07b,204
07b,285
07b,28c
07b,305
07b,306
07b,30c
07b,387
07b,38d
07b,38e
07b,404
07b,485
07b,48c
07b,50c
07b,58d
07b,58e
07b,605
07b,68d
07b,6a5
07b,70d
07b,70e
07b,715
07d,18a
07d,306
07d,30a
07d,387
07d,38b
07d,38e
07d,3aa
07d,58e
07d,70e
07e,081
07e,189
07e,201
07e,285
07e,289
07e,2a1
07e,305
07e,309
07e,311
07e,387
07e,38b
07e,38d
07e,399
07e,3a9
07e,485
07e,489
07e,58d
07e,599
07e,605
07e,68d
07e,6a5
07e,70d
07e,715
081,15e
081,16e
081,17a
081,25e
081,26e
081,276
081,31e
081,32e
081,34e
081,356
081,35a
081,35c
081,366
081,36a
081,36c
081,372
081,45e
081,46e
081,476
081,51e
081,54e
081,556
081,55a
081,55c
081,56c
081,64e
081,666
081,70e
087,158
087,168
087,179
087,17a
087,359
087,35a
087,35c
087,369
087,36a
087,36c
087,371
087,372
087,559
087,55a
087,55c
087,56c
088,157
088,237
088,257
088,267
088,273
088,275
088,276
088,317
088,347
088,353
088,355
088,356
088,365
088,366
088,371
088,372
088,457
088,475
088,476
088,555
088,556
088,647
088,655
088,665
088,666
088,715
08b,254
08b,264
08b,275
08b,276
08b,355
08b,356
08b,35c
08b,365
08b,366
08b,36c
08b,371
08b,372
08b,454
08b,464
08b,475
08b,476
08b,555
08b,556
08b,55c
08b,56c
08b,655
08b,665
08b,666
08b,715
08d,152
08d,17a
08d,262
08d,273
08d,276
08d,353
08d,356
08d,35a
08d,366
08d,36a
08d,371
08d,372
08d,476
08d,556
08d,55a
08d,666
08e,151
08e,179
08e,251
08e,261
08e,273
08e,275
08e,2f1
08e,311
08e,353
08e,355
08e,359
08e,365
08e,369
08e,371
08e,372
08e,451
08e,475
08e,4f1
08e,555
08e,559
08e,655
08e,665
08e,715
099,146
099,16e
099,226
099,246
099,262
099,264
099,267
099,26e
099,276
099,2e6
099,306
099,32e
099,347
099,34e
099,356
099,365
099,366
099,36a
099,36c
099,372
099,446
099,464
099,46e
099,476
099,4e6
099,54e
099,556
099,56c
099,647
099,64e
099,665
099,666
099,70e
09f,168
09f,261
09f,262
09f,264
09f,365
09f,366
09f,369
09f,36a
09f,36c
09f,371
09f,372
09f,464
09f,56c
09f,665
09f,666
0a9,146
0a9,152
0a9,157
0a9,15e
0a9,246
0a9,254
0a9,257
0a9,25e
0a9,276
0a9,306
0a9,317
0a9,31e
0a9,347
0a9,34e
0a9,353
0a9,355
0a9,356
0a9,35a
0a9,35c
0a9,366
0a9,372
0a9,446
0a9,454
0a9,457
0a9,45e
0a9,476
0a9,51e
0a9,54e
0a9,555
0a9,556
0a9,55a
0a9,55c
0a9,647
0a9,64e
0a9,655
0a9,666
0a9,70e
0a9,715
0aa,145
0aa,151
0aa,157
0aa,15d
0aa,215
0aa,245
0aa,251
0aa,254
0aa,257
0aa,25d
0aa,275
0aa,2d5
0aa,305
0aa,311
0aa,317
0aa,31d
0aa,347
0aa,34d
0aa,353
0aa,355
0aa,356
0aa,359
0aa,35c
0aa,365
0aa,371
0aa,415
0aa,445
0aa,451
0aa,454
0aa,457
0aa,45d
0aa,475
0aa,4d5
0aa,51d
0aa,54d
0aa,555
0aa,556
0aa,559
0aa,55c
0aa,605
0aa,647
0aa,64d
0aa,655
0aa,665
0aa,70d
0aa,715
0af,151
0af,152
0af,158
0af,251
0af,254
0af,311
0af,353
0af,355
0af,356
0af,359
0af,35a
0af,35c
0af,371
0af,372
0af,451
0af,454
0af,555
0af,556
0af,559
0af,55a
0af,55c
0af,655
0af,715
0bb,145
0bb,146
0bb,14c
0bb,204
0bb,245
0bb,246
0bb,24c
0bb,254
0bb,264
0bb,305
0bb,306
0bb,30c
0bb,347
0bb,34d
0bb,34e
0bb,355
0bb,356
0bb,35c
0bb,365
0bb,366
0bb,36c
0bb,404
0bb,445
0bb,446
0bb,44c
0bb,454
0bb,464
0bb,50c
0bb,54d
0bb,54e
0bb,555
0bb,556
0bb,55c
0bb,56c
0bb,605
0bb,647
0bb,64d
0bb,64e
0bb,655
0bb,665
0bb,666
0bb,70d
0bb,70e
0bb,715
0c3,30c
0c3,31d
0c3,31e
0c3,32d
0c3,32e
0c3,35c
0c3,36c
0c3,50c
0c3,51d
0c3,51e
0c3,55c
0c3,56c
0c3,70d
0c3,70e
0c3,715
0c5,11a
0c5,17a
0c5,30a
0c5,31b
0c5,31e
0c5,32e
0c5,35a
0c5,36a
0c5,372
0c5,3aa
0c5,51e
0c5,55a
0c5,70e
0c6,119
0c6,179
0c6,309
0c6,311
0c6,31b
0c6,31d
0c6,32d
0c6,359
0c6,369
0c6,371
0c6,399
0c6,3a9
0c6,51d
0c6,559
0c6,599
0c6,70d
0c6,715
0c9,226
0c9,237
0c9,276
0c9,306
0c9,317
0c9,31e
0c9,32e
0c9,356
0c9,366
0c9,372
0c9,476
0c9,51e
0c9,556
0c9,666
0c9,70e
0c9,715
0ca,215
0ca,225
0ca,237
0ca,275
0ca,305
0ca,311
0ca,317
0ca,31d
0ca,32d
0ca,355
0ca,365
0ca,371
0ca,415
0ca,475
0ca,51d
0ca,555
0ca,605
0ca,655
0ca,665
0ca,6a5
0ca,70d
0ca,715
0cc,237
0cc,273
0cc,311
0cc,317
0cc,31b
0cc,353
0cc,371
0cc,372
0cc,715
0cf,311
0cf,371
0cf,372
0cf,715
0d1,10e
0d1,16e
0d1,20e
0d1,226
0d1,22f
0d1,26e
0d1,2ae
0d1,306
0d1,30a
0d1,30c
0d1,30f
0d1,31e
0d1,32d
0d1,32e
0d1,34e
0d1,366
0d1,36a
0d1,36c
0d1,38e
0d1,3aa
0d1,40e
0d1,46e
0d1,4ae
0d1,50c
0d1,51e
0d1,54e
0d1,56c
0d1,58e
0d1,60f
0d1,64e
0d1,666
0d1,70d
0d1,70e
0d7,108
0d7,168
0d7,309
0d7,30a
0d7,30c
0d7,32d
0d7,32e
0d7,369
0d7,36a
0d7,36c
0d7,3a9
0d7,3aa
0d7,50c
0d7,56c
0d7,70d
0d7,70e
0d8,207
0d8,225
0d8,226
0d8,22f
0d8,237
0d8,267
0d8,2a7
0d8,305
0d8,306
0d8,30f
0d8,317
0d8,32d
0d8,32e
0d8,347
0d8,365
0d8,366
0d8,387
0d8,605
0d8,60f
0d8,647
0d8,665
0d8,666
0d8,6a5
0d8,70d
0d8,70e
0d8,715
0db,204
0db,225
0db,226
0db,264
0db,305
0db,306
0db,30c
0db,32d
0db,32e
0db,365
0db,366
0db,36c
0db,404
0db,464
0db,50c
0db,56c
0db,605
0db,665
0db,666
0db,6a5
0db,70d
0db,70e
0db,715
0dd,226
0dd,262
0dd,306
0dd,30a
0dd,32e
0dd,366
0dd,36a
0dd,372
0dd,3aa
0dd,666
0dd,70e
0de,201
0de,225
0de,261
0de,2a1
0de,305
0de,309
0de,311
0de,32d
0de,365
0de,369
0de,371
0de,3a9
0de,605
0de,665
0de,6a5
0de,70d
0de,715
0e1,10e
0e1,11a
0e1,11f
0e1,15e
0e1,20e
0e1,21f
0e1,25e
0e1,306
0e1,30a
0e1,30c
0e1,30f
0e1,317
0e1,31b
0e1,31d
0e1,31e
0e1,32e
0e1,34e
0e1,356
0e1,35a
0e1,35c
0e1,38e
0e1,40e
0e1,41f
0e1,45e
0e1,50c
0e1,51d
0e1,51e
0e1,54e
0e1,556
0e1,55a
0e1,55c
0e1,58e
0e1,60f
0e1,64e
0e1,70d
0e1,70e
0e1,715
0e2,10d
0e2,119
0e2,11f
0e2,15d
0e2,20d
0e2,215
0e2,21f
0e2,25d
0e2,29d
0e2,305
0e2,309
0e2,30c
0e2,30f
0e2,311
0e2,317
0e2,31b
0e2,31d
0e2,31e
0e2,32d
0e2,34d
0e2,355
0e2,359
0e2,35c
0e2,38d
0e2,399
0e2,40d
0e2,415
0e2,41f
0e2,45d
0e2,49d
0e2,50c
0e2,51d
0e2,51e
0e2,54d
0e2,555
0e2,559
0e2,55c
0e2,58d
0e2,599
0e2,605
0e2,60f
0e2,64d
0e2,655
0e2,68d
0e2,70d
0e2,70e
0e2,715
0e7,108
0e7,119
0e7,11a
0e7,158
0e7,309
0e7,30a
0e7,30c
0e7,311
0e7,31b
0e7,31d
0e7,31e
0e7,359
0e7,35a
0e7,35c
0e7,399
0e7,50c
0e7,51d
0e7,51e
0e7,559
0e7,55a
0e7,55c
0e7,599
0e7,70d
0e7,70e
0e7,715
0e8,11f
0e8,157
0e8,207
0e8,215
0e8,21f
0e8,237
0e8,257
0e8,305
0e8,306
0e8,30f
0e8,311
0e8,317
0e8,31b
0e8,31d
0e8,31e
0e8,347
0e8,353
0e8,355
0e8,356
0e8,387
0e8,415
0e8,41f
0e8,457
0e8,51d
0e8,51e
0e8,555
0e8,556
0e8,605
0e8,60f
0e8,647
0e8,655
0e8,70d
0e8,70e
0e8,715
0eb,204
0eb,215
0eb,254
0eb,305
0eb,306
0eb,30c
0eb,311
0eb,317
0eb,31d
0eb,31e
0eb,355
0eb,356
0eb,35c
0eb,404
0eb,415
0eb,454
0eb,50c
0eb,51d
0eb,51e
0eb,555
0eb,556
0eb,55c
0eb,605
0eb,655
0eb,70d
0eb,70e
0eb,715
0ed,11a
0ed,152
0ed,306
0ed,30a
0ed,311
0ed,317
0ed,31b
0ed,31e
0ed,353
0ed,356
0ed,35a
0ed,372
0ed,51e
0ed,556
0ed,55a
0ed,70e
0ed,715
0ee,119
0ee,151
0ee,201
0ee,215
0ee,251
0ee,305
0ee,309
0ee,311
0ee,317
0ee,31b
0ee,31d
0ee,353
0ee,355
0ee,359
0ee,371
0ee,399
0ee,415
0ee,451
0ee,51d
0ee,555
0ee,559
0ee,599
0ee,605
0ee,655
0ee,70d
0ee,715
0f3,108
0f3,10d
0f3,10e
0f3,14c
0f3,204
0f3,20d
0f3,20e
0f3,24c
0f3,28c
0f3,305
0f3,306
0f3,309
0f3,30a
0f3,30c
0f3,30f
0f3,31d
0f3,31e
0f3,32d
0f3,32e
0f3,34d
0f3,34e
0f3,35c
0f3,36c
0f3,38d
0f3,38e
0f3,404
0f3,40d
0f3,40e
0f3,44c
0f3,48c
0f3,50c
0f3,51d
0f3,51e
0f3,54d
0f3,54e
0f3,55c
0f3,56c
0f3,58d
0f3,58e
0f3,605
0f3,60f
0f3,64d
0f3,64e
0f3,68d
0f3,70d
0f3,70e
0f3,715
0f9,10e
0f9,146
0f9,204
0f9,207
0f9,20e
0f9,226
0f9,246
0f9,305
0f9,306
0f9,30a
0f9,30c
0f9,30f
0f9,317
0f9,31e
0f9,32e
0f9,347
0f9,34e
0f9,356
0f9,366
0f9,387
0f9,38e
0f9,404
0f9,40e
0f9,446
0f9,50c
0f9,51e
0f9,54e
0f9,556
0f9,58e
0f9,605
0f9,60f
0f9,647
0f9,64e
0f9,666
0f9,70d
0f9,70e
0f9,715
0fa,10d
0fa,145
0fa,201
0fa,204
0fa,207
0fa,20d
0fa,215
0fa,225
0fa,245
0fa,285
0fa,305
0fa,306
0fa,309
0fa,30c
0fa,30f
0fa,311
0fa,317
0fa,31d
0fa,32d
0fa,347
0fa,34d
0fa,355
0fa,365
0fa,387
0fa,38d
0fa,404
0fa,40d
0fa,415
0fa,445
0fa,485
0fa,50c
0fa,51d
0fa,54d
0fa,555
0fa,58d
0fa,605
0fa,60f
0fa,647
0fa,64d
0fa,655
0fa,665
0fa,68d
0fa,6a5
0fa,70d
0fa,70e
0fa,715
108,237
108,257
108,267
108,273
108,275
108,276
108,2a7
108,2c7
108,2d5
108,2e3
108,2e5
108,2e6
108,2f1
108,457
108,475
108,476
108,4c7
108,4d5
108,4e5
108,4e6
108,4f1
108,647
108,655
108,665
108,666
108,6a5
10d,262
10d,273
10d,276
10d,2e3
10d,2e6
10d,2ea
10d,2f1
10d,372
10d,476
10d,4e6
10d,4ea
10d,4f1
10d,666
10e,251
10e,261
10e,273
10e,275
10e,2a1
10e,2d5
10e,2d9
10e,2e3
10e,2e5
10e,2e9
10e,2f1
10e,371
10e,451
10e,475
10e,4d5
10e,4d9
10e,4e5
10e,4e9
10e,4f1
10e,655
10e,665
10e,6a5
119,226
119,246
119,262
119,264
119,267
119,26e
119,276
119,2a7
119,2ae
119,2c7
119,2ce
119,2e3
119,2e5
119,2e6
119,2ea
119,2ec
119,366
119,446
119,464
119,46e
119,476
119,4ae
119,4c7
119,4ce
119,4e5
119,4e6
119,4ea
119,4ec
119,647
119,64e
119,665
119,666
119,6a5
11a,225
11a,245
11a,261
11a,264
11a,267
11a,26d
11a,275
11a,285
11a,2a1
11a,2a7
11a,2ad
11a,2c7
11a,2cd
11a,2d5
11a,2e3
11a,2e5
11a,2e6
11a,2e9
11a,2ec
11a,2f1
11a,365
11a,445
11a,464
11a,46d
11a,475
11a,485
11a,4ad
11a,4c7
11a,4cd
11a,4d5
11a,4e5
11a,4e6
11a,4e9
11a,4ec
11a,4f1
11a,605
11a,647
11a,64d
11a,655
11a,665
11a,666
11a,68d
11a,6a5
11f,261
11f,262
11f,264
11f,2a1
11f,2e3
11f,2e5
11f,2e6
11f,2e9
11f,2ea
11f,2ec
11f,2f1
11f,464
11f,4e5
11f,4e6
11f,4e9
11f,4ea
11f,4ec
11f,4f1
11f,665
11f,666
11f,6a5
145,2ab
145,2ae
145,2ea
145,3aa
145,4ae
145,4ea
146,289
146,29d
146,2a1
146,2ab
146,2ad
146,2d9
146,2e9
146,2f1
146,399
146,3a9
146,489
146,49d
146,4ad
146,4d9
146,4e9
146,4f1
146,599
146,68d
146,6a5
149,226
149,237
149,276
149,2a7
149,2ae
149,2e6
149,476
149,4ae
149,4e6
149,666
149,6a5
14a,215
14a,225
14a,237
14a,275
14a,285
14a,29d
14a,2a1
14a,2a7
14a,2ad
14a,2d5
14a,2e5
14a,2f1
14a,415
14a,475
14a,485
14a,49d
14a,4ad
14a,4d5
14a,4e5
14a,4f1
14a,605
14a,655
14a,665
14a,68d
14a,6a5
14a,715
14c,237
14c,273
14c,2a1
14c,2a7
14c,2ab
14c,2e3
14c,2f1
14c,4f1
14c,6a5
14f,2a1
14f,2f1
14f,4f1
14f,6a5
151,20e
151,226
151,22f
151,26e
151,28c
151,28f
151,2a7
151,2ab
151,2ad
151,2ae
151,2ce
151,2e6
151,2ea
151,2ec
151,32e
151,38e
151,3aa
151,40e
151,46e
151,48c
151,48f
151,4ad
151,4ae
151,4ce
151,4e6
151,4ea
151,4ec
151,58e
151,60f
151,64e
151,666
151,68d
151,6a5
151,70e
152,20d
152,225
152,22f
152,26d
152,285
152,289
152,28c
152,28f
152,29d
152,2a1
152,2a7
152,2ab
152,2ad
152,2ae
152,2cd
152,2e5
152,2e9
152,2ec
152,32d
152,38d
152,3a9
152,40d
152,46d
152,485
152,489
152,48c
152,48f
152,49d
152,4ad
152,4ae
152,4cd
152,4e5
152,4e9
152,4ec
152,58d
152,605
152,60f
152,64d
152,665
152,68d
152,6a5
152,70d
157,289
157,28c
157,2a1
157,2ab
157,2ad
157,2ae
157,2e9
157,2ea
157,2ec
157,3a9
157,3aa
157,489
157,48c
157,4ad
157,4ae
157,4e9
157,4ea
157,4ec
157,68d
157,6a5
158,207
158,225
158,226
158,22f
158,237
158,267
158,285
158,28f
158,2a1
158,2a7
158,2ab
158,2ad
158,2ae
158,2c7
158,2e3
158,2e5
158,2e6
158,387
158,485
158,48f
158,4ad
158,4ae
158,4c7
158,4e5
158,4e6
158,605
158,60f
158,647
158,665
158,666
158,68d
158,6a5
15b,204
15b,225
15b,226
15b,264
15b,285
15b,28c
15b,2a1
15b,2a7
15b,2ad
15b,2ae
15b,2e5
15b,2e6
15b,2ec
15b,404
15b,464
15b,485
15b,48c
15b,4ad
15b,4ae
15b,4e5
15b,4e6
15b,4ec
15b,605
15b,665
15b,666
15b,68d
15b,6a5
15d,226
15d,262
15d,2a1
15d,2a7
15d,2ab
15d,2ae
15d,2e3
15d,2e6
15d,2ea
15d,3aa
15d,4ae
15d,4e6
15d,4ea
15d,666
15d,6a5
15e,201
15e,225
15e,261
15e,285
15e,289
15e,2a1
15e,2a7
15e,2ab
15e,2ad
15e,2e3
15e,2e5
15e,2e9
15e,2f1
15e,3a9
15e,485
15e,489
15e,4ad
15e,4e5
15e,4e9
15e,4f1
15e,605
15e,665
15e,68d
15e,6a5
168,207
168,215
168,21f
168,237
168,257
168,285
168,28f
168,29d
168,2a7
168,2c7
168,2d5
168,317
168,387
168,415
168,41f
168,457
168,485
168,48f
168,49d
168,4c7
168,4d5
168,605
168,60f
168,647
168,655
168,68d
168,6a5
168,715
16e,201
16e,215
16e,251
16e,285
16e,289
16e,29d
16e,2a1
16e,2d5
16e,2d9
16e,2f1
16e,311
16e,399
16e,415
16e,451
16e,485
16e,489
16e,49d
16e,4d5
16e,4d9
16e,4f1
16e,599
16e,605
16e,655
16e,68d
16e,6a5
16e,715
179,204
179,207
179,20e
179,226
179,246
179,285
179,28c
179,28f
179,2a7
179,2ae
179,2c7
179,2ce
179,2e6
179,306
179,387
179,38e
179,404
179,40e
179,446
179,485
179,48c
179,48f
179,4ae
179,4c7
179,4ce
179,4e6
179,58e
179,605
179,60f
179,647
179,64e
179,666
179,68d
179,6a5
179,70e
17a,201
17a,204
17a,207
17a,20d
17a,215
17a,225
17a,245
17a,285
17a,289
17a,28c
17a,28f
17a,29d
17a,2a1
17a,2a7
17a,2ad
17a,2c7
17a,2cd
17a,2d5
17a,2e5
17a,305
17a,387
17a,38d
17a,404
17a,40d
17a,415
17a,445
17a,485
17a,489
17a,48c
17a,48f
17a,49d
17a,4ad
17a,4c7
17a,4cd
17a,4d5
17a,4e5
17a,58d
17a,605
17a,60f
17a,647
17a,64d
17a,655
17a,665
17a,68d
17a,6a5
17a,70d
17a,715
189,226
189,237
189,246
189,254
189,257
189,25e
189,262
189,264
189,267
189,26e
189,273
189,275
189,276
189,2e6
189,356
189,366
189,372
189,446
189,454
189,457
189,45e
189,464
189,46e
189,475
189,476
189,4e6
189,556
189,647
189,64e
189,655
189,665
189,666
18a,215
18a,225
18a,237
18a,245
18a,251
18a,254
18a,257
18a,25d
18a,261
18a,264
18a,267
18a,26d
18a,273
18a,275
18a,276
18a,2d5
18a,2e5
18a,2f1
18a,355
18a,365
18a,371
18a,415
18a,445
18a,451
18a,454
18a,457
18a,45d
18a,464
18a,46d
18a,475
18a,476
18a,4d5
18a,4e5
18a,4f1
18a,555
18a,605
18a,647
18a,64d
18a,655
18a,665
18a,666
18a,6a5
18a,715
18f,251
18f,254
18f,261
18f,262
18f,264
18f,273
18f,275
18f,276
18f,2f1
18f,371
18f,372
18f,451
18f,454
18f,464
18f,475
18f,476
18f,4f1
18f,655
18f,665
18f,666
19b,204
19b,225
19b,226
19b,245
19b,246
19b,24c
19b,254
19b,261
19b,262
19b,264
19b,267
19b,26d
19b,26e
19b,275
19b,276
19b,2e5
19b,2e6
19b,2ec
19b,365
19b,366
19b,36c
19b,404
19b,445
19b,446
19b,44c
19b,454
19b,464
19b,46d
19b,46e
19b,475
19b,476
19b,4e5
19b,4e6
19b,4ec
19b,56c
19b,605
19b,647
19b,64d
19b,64e
19b,655
19b,665
19b,666
19b,6a5
1cb,204
1cb,215
1cb,225
1cb,226
1cb,237
1cb,254
1cb,264
1cb,275
1cb,276
1cb,404
1cb,415
1cb,454
1cb,464
1cb,475
1cb,476
1cb,605
1cb,655
1cb,665
1cb,666
1cb,6a5
1cb,715
1cd,226
1cd,237
1cd,262
1cd,273
1cd,276
1cd,372
1cd,476
1cd,666
1ce,201
1ce,215
1ce,225
1ce,237
1ce,251
1ce,261
1ce,273
1ce,275
1ce,2a1
1ce,2f1
1ce,311
1ce,371
1ce,415
1ce,451
1ce,475
1ce,4f1
1ce,605
1ce,655
1ce,665
1ce,6a5
1ce,715
1d3,204
1d3,20d
1d3,20e
1d3,225
1d3,226
1d3,22f
1d3,24c
1d3,264
1d3,26d
1d3,26e
1d3,28c
1d3,2ad
1d3,2ae
1d3,2ec
1d3,30c
1d3,32d
1d3,32e
1d3,36c
1d3,404
1d3,40d
1d3,40e
1d3,44c
1d3,464
1d3,46d
1d3,46e
1d3,48c
1d3,4ad
1d3,4ae
1d3,4ec
1d3,50c
1d3,56c
1d3,605
1d3,60f
1d3,64d
1d3,64e
1d3,665
1d3,666
1d3,68d
1d3,6a5
1d3,70d
1d3,70e
1d9,204
1d9,207
1d9,20e
1d9,225
1d9,226
1d9,22f
1d9,237
1d9,246
1d9,262
1d9,264
1d9,267
1d9,26e
1d9,276
1d9,2a7
1d9,2ae
1d9,2e6
1d9,306
1d9,32e
1d9,366
1d9,404
1d9,40e
1d9,446
1d9,464
1d9,46e
1d9,476
1d9,4ae
1d9,4e6
1d9,605
1d9,60f
1d9,647
1d9,64e
1d9,665
1d9,666
1d9,6a5
1d9,70e
1da,201
1da,204
1da,207
1da,20d
1da,215
1da,225
1da,226
1da,22f
1da,237
1da,245
1da,261
1da,264
1da,267
1da,26d
1da,275
1da,285
1da,2a1
1da,2a7
1da,2ad
1da,2e5
1da,305
1da,32d
1da,365
1da,404
1da,40d
1da,415
1da,445
1da,464
1da,46d
1da,475
1da,485
1da,4ad
1da,4e5
1da,605
1da,60f
1da,647
1da,64d
1da,655
1da,665
1da,666
1da,68d
1da,6a5
1da,70d
1da,715
1e9,204
1e9,207
1e9,20e
1e9,215
1e9,21f
1e9,226
1e9,237
1e9,246
1e9,254
1e9,257
1e9,25e
1e9,276
1e9,306
1e9,317
1e9,31e
1e9,356
1e9,404
1e9,40e
1e9,415
1e9,41f
1e9,446
1e9,454
1e9,457
1e9,45e
1e9,476
1e9,51e
1e9,556
1e9,605
1e9,60f
1e9,647
1e9,64e
1e9,655
1e9,666
1e9,70e
1e9,715
1ea,201
1ea,204
1ea,207
1ea,20d
1ea,215
1ea,21f
1ea,225
1ea,237
1ea,245
1ea,251
1ea,254
1ea,257
1ea,25d
1ea,275
1ea,285
1ea,29d
1ea,2d5
1ea,305
1ea,311
1ea,317
1ea,31d
1ea,355
1ea,404
1ea,40d
1ea,415
1ea,41f
1ea,445
1ea,451
1ea,454
1ea,457
1ea,45d
1ea,475
1ea,485
1ea,49d
1ea,4d5
1ea,51d
1ea,555
1ea,605
1ea,60f
1ea,647
1ea,64d
1ea,655
1ea,665
1ea,68d
1ea,6a5
1ea,70d
1ea,715
201,45e
201,46e
201,476
201,4ae
201,4ce
201,4dc
201,4e6
201,4ea
201,4ec
201,51e
201,54e
201,556
201,55a
201,55c
201,56c
201,58e
204,45b
204,4cb
204,4d9
204,4e9
204,4ea
204,4f1
204,559
204,55a
204,599
207,4d9
207,4dc
207,4e9
207,4ea
207,4ec
207,4f1
207,559
207,55a
207,55c
207,56c
207,599
20b,454
20b,464
20b,475
20b,476
20b,4d5
20b,4dc
20b,4e5
20b,4e6
20b,4ec
20b,4f1
20b,555
20b,556
20b,55c
20b,56c
20d,372
20d,476
20d,4e6
20d,4ea
20d,4f1
20d,556
20d,55a
20e,2f1
20e,371
20e,451
20e,475
20e,4d5
20e,4d9
20e,4e5
20e,4e9
20e,4f1
20e,555
20e,559
20e,599
215,2ea
215,36a
215,3aa
215,44a
215,46e
215,4ae
215,4cb
215,4ce
215,4e6
215,4e9
215,4ea
215,4ec
215,54e
215,55a
215,56c
215,58e
21f,464
21f,4e5
21f,4e6
21f,4e9
21f,4ea
21f,4ec
21f,4f1
21f,56c
225,35a
225,44a
225,45b
225,45e
225,4cb
225,4ce
225,4d9
225,4dc
225,4ea
225,51e
225,54e
225,556
225,559
225,55a
225,55c
225,58e
225,599
226,2d9
226,359
226,399
226,449
226,451
226,45b
226,45d
226,489
226,49d
226,4cb
226,4cd
226,4d5
226,4d9
226,4dc
226,4e9
226,4f1
226,51d
226,54d
226,555
226,559
226,55a
226,55c
226,58d
226,599
22f,451
22f,454
22f,4d5
22f,4d9
22f,4dc
22f,4f1
22f,555
22f,556
22f,559
22f,55a
22f,55c
22f,599
237,449
237,44a
237,44c
237,489
237,48c
237,4cb
237,4cd
237,4ce
237,4d9
237,4dc
237,4e9
237,4ea
237,4ec
237,50c
237,54d
237,54e
237,559
237,55a
237,55c
237,56c
237,58d
237,58e
237,599
243,48c
243,49d
243,4ad
243,4ae
243,4dc
243,4ec
243,50c
243,51d
243,51e
243,55c
243,56c
243,58d
243,58e
243,599
245,3aa
245,4ae
245,4ea
245,51e
245,55a
245,58e
245,599
246,399
246,3a9
246,489
246,49d
246,4ad
246,4d9
246,4e9
246,4f1
246,51d
246,559
246,58d
246,599
249,476
249,4ae
249,4e6
249,51e
249,556
249,58e
24a,415
24a,475
24a,485
24a,49d
24a,4ad
24a,4d5
24a,4e5
24a,4f1
24a,51d
24a,555
24a,58d
24a,599
24a,6a5
24a,715
24c,4f1
24c,599
24f,4f1
24f,599
251,2ae
251,32e
251,38e
251,3aa
251,40e
251,46e
251,48c
251,48f
251,4ad
251,4ae
251,4ce
251,4e6
251,4ea
251,4ec
251,50c
251,51e
251,54e
251,56c
251,58d
251,58e
251,70e
254,2ab
254,38b
254,3a9
254,3aa
254,489
254,48f
254,4ad
254,4ae
254,4cb
254,4e9
254,4ea
254,58d
254,58e
254,599
257,3a9
257,3aa
257,489
257,48c
257,4ad
257,4ae
257,4e9
257,4ea
257,4ec
257,50c
257,56c
257,58d
257,58e
257,599
25b,404
25b,464
25b,485
25b,48c
25b,4ad
25b,4ae
25b,4e5
25b,4e6
25b,4ec
25b,50c
25b,56c
25b,58d
25b,58e
25b,6a5
25d,3aa
25d,4ae
25d,4e6
25d,4ea
25d,58e
25e,2a1
25e,3a9
25e,485
25e,489
25e,4ad
25e,4e5
25e,4e9
25e,4f1
25e,58d
25e,599
25e,6a5
261,31e
261,38e
261,40e
261,41f
261,45e
261,48c
261,48f
261,49d
261,4ae
261,4ce
261,4dc
261,50c
261,51d
261,51e
261,54e
261,556
261,55a
261,55c
261,58d
261,58e
261,599
261,70e
262,29d
262,31d
262,38d
262,399
262,40d
262,415
262,41f
262,45d
262,485
262,489
262,48c
262,48f
262,49d
262,4ad
262,4cd
262,4d5
262,4d9
262,4dc
262,50c
262,51d
262,51e
262,54d
262,555
262,559
262,55c
262,58d
262,58e
262,599
262,68d
262,70d
262,715
264,31b
264,38b
264,399
264,41f
264,45b
264,489
264,48f
264,49d
264,4cb
264,4d9
264,51d
264,51e
264,559
264,55a
264,58d
264,58e
264,599
267,399
267,489
267,48c
267,49d
267,4d9
267,4dc
267,50c
267,51d
267,51e
267,559
267,55a
267,55c
267,58d
267,58e
267,599
26b,404
26b,415
26b,454
26b,485
26b,48c
26b,49d
26b,4d5
26b,4dc
26b,50c
26b,51d
26b,51e
26b,555
26b,556
26b,55c
26b,58d
26b,58e
26b,599
26b,715
26d,51e
26d,556
26d,55a
26d,58e
26d,599
26e,311
26e,399
26e,415
26e,451
26e,485
26e,489
26e,49d
26e,4d5
26e,4d9
26e,4f1
26e,51d
26e,555
26e,559
26e,58d
26e,599
26e,715
273,28c
273,30c
273,38d
273,38e
273,404
273,40d
273,40e
273,44c
273,485
273,489
273,48c
273,48f
273,49d
273,4ad
273,4ae
273,4cd
273,4ce
273,4dc
273,4ec
273,50c
273,51d
273,51e
273,54d
273,54e
273,55c
273,56c
273,58d
273,58e
273,599
273,68d
273,70d
273,70e
275,30a
275,38b
275,38e
275,3aa
275,40e
275,44a
275,489
275,48c
275,48f
275,4ae
275,4cb
275,4ce
275,4ea
275,50c
275,51e
275,54e
275,55a
275,58d
275,58e
275,599
275,70e
276,289
276,309
276,38b
276,38d
276,399
276,3a9
276,40d
276,449
276,485
276,489
276,48c
276,48f
276,49d
276,4ad
276,4cb
276,4cd
276,4d9
276,4e9
276,50c
276,51d
276,54d
276,559
276,58d
276,58e
276,599
276,68d
276,70d
285,35a
285,36a
285,372
285,44a
285,45b
285,45e
285,46e
285,476
285,4ea
285,51e
285,54e
285,556
285,559
285,55a
285,55c
285,56c
289,356
289,366
289,372
289,446
289,454
289,457
289,45e
289,464
289,46e
289,475
289,476
289,4e6
289,51e
289,54e
289,555
289,556
289,55a
289,55c
289,56c
289,666
28c,353
28c,371
28c,372
28c,451
28c,457
28c,45b
28c,475
28c,476
28c,4f1
28c,555
28c,556
28c,559
28c,55a
28f,371
28f,372
28f,451
28f,454
28f,464
28f,475
28f,476
28f,4f1
28f,555
28f,556
28f,559
28f,55a
28f,55c
28f,56c
29d,366
29d,36a
29d,372
29d,446
29d,44a
29d,464
29d,46e
29d,476
29d,4e6
29d,4ea
29d,54e
29d,556
29d,55a
29d,56c
29d,666
2a1,31e
2a1,34e
2a1,356
2a1,35a
2a1,35c
2a1,40e
2a1,41f
2a1,446
2a1,44a
2a1,44c
2a1,44f
2a1,454
2a1,457
2a1,45b
2a1,45d
2a1,45e
2a1,46e
2a1,476
2a1,4ce
2a1,4dc
2a1,50c
2a1,51d
2a1,51e
2a1,54d
2a1,54e
2a1,555
2a1,556
2a1,559
2a1,55a
2a1,55c
2a1,56c
2a1,58e
2a1,64e
2a1,70e
2a7,359
2a7,35a
2a7,35c
2a7,449
2a7,44a
2a7,44c
2a7,451
2a7,454
2a7,45b
2a7,45d
2a7,45e
2a7,4d9
2a7,4dc
2a7,50c
2a7,51d
2a7,51e
2a7,54d
2a7,54e
2a7,555
2a7,556
2a7,559
2a7,55a
2a7,55c
2a7,56c
2a7,599
2ab,355
2ab,356
2ab,35c
2ab,404
2ab,415
2ab,445
2ab,446
2ab,44c
2ab,451
2ab,454
2ab,457
2ab,45d
2ab,45e
2ab,464
2ab,475
2ab,476
2ab,4d5
2ab,4dc
2ab,50c
2ab,51d
2ab,51e
2ab,54d
2ab,54e
2ab,555
2ab,556
2ab,559
2ab,55a
2ab,55c
2ab,56c
2ab,655
2ab,715
2ad,353
2ad,356
2ad,35a
2ad,372
2ad,446
2ad,44a
2ad,451
2ad,454
2ad,457
2ad,45b
2ad,45e
2ad,476
2ad,51e
2ad,54e
2ad,555
2ad,556
2ad,559
2ad,55a
2ad,55c
2ae,311
2ae,353
2ae,355
2ae,359
2ae,371
2ae,415
2ae,445
2ae,449
2ae,451
2ae,454
2ae,457
2ae,45b
2ae,45d
2ae,475
2ae,4d5
2ae,4d9
2ae,4f1
2ae,51d
2ae,54d
2ae,555
2ae,556
2ae,559
2ae,55a
2ae,55c
2ae,599
2ae,655
2ae,715
2c7,50c
2c7,51d
2c7,51e
2c7,559
2c7,55a
2c7,55c
2c7,56c
2c7,599
2cb,404
2cb,415
2cb,454
2cb,464
2cb,475
2cb,476
2cb,50c
2cb,51d
2cb,51e
2cb,555
2cb,556
2cb,55c
2cb,56c
2cb,715
2cd,372
2cd,476
2cd,51e
2cd,556
2cd,55a
2ce,311
2ce,371
2ce,415
2ce,451
2ce,475
2ce,4f1
2ce,51d
2ce,555
2ce,559
2ce,599
2ce,715
2d5,30a
2d5,32e
2d5,36a
2d5,3aa
2d5,40e
2d5,44a
2d5,46e
2d5,4ae
2d5,4ea
2d5,50c
2d5,51e
2d5,54e
2d5,55a
2d5,56c
2d5,58e
2d5,70e
2d9,306
2d9,32e
2d9,366
2d9,404
2d9,40e
2d9,446
2d9,464
2d9,46e
2d9,476
2d9,4ae
2d9,4e6
2d9,50c
2d9,51e
2d9,54e
2d9,556
2d9,56c
2d9,58e
2d9,666
2d9,70e
2e3,30c
2e3,31d
2e3,31e
2e3,35c
2e3,404
2e3,40d
2e3,40e
2e3,415
2e3,41f
2e3,44c
2e3,454
2e3,45d
2e3,45e
2e3,48c
2e3,49d
2e3,4dc
2e3,50c
2e3,51d
2e3,51e
2e3,54d
2e3,54e
2e3,555
2e3,556
2e3,559
2e3,55a
2e3,55c
2e3,56c
2e3,58d
2e3,58e
2e3,599
2e3,70d
2e3,70e
2e3,715
2e5,30a
2e5,31b
2e5,31e
2e5,35a
2e5,40e
2e5,41f
2e5,44a
2e5,45b
2e5,45e
2e5,50c
2e5,51d
2e5,51e
2e5,54e
2e5,556
2e5,559
2e5,55a
2e5,55c
2e5,58e
2e5,599
2e5,70e
2e6,309
2e6,311
2e6,31b
2e6,31d
2e6,359
2e6,399
2e6,40d
2e6,415
2e6,41f
2e6,449
2e6,451
2e6,45b
2e6,45d
2e6,489
2e6,49d
2e6,4d9
2e6,50c
2e6,51d
2e6,51e
2e6,54d
2e6,555
2e6,559
2e6,55a
2e6,55c
2e6,58d
2e6,599
2e6,70d
2e6,715
2e9,306
2e9,317
2e9,31e
2e9,356
2e9,404
2e9,40e
2e9,415
2e9,41f
2e9,446
2e9,454
2e9,457
2e9,45e
2e9,476
2e9,50c
2e9,51d
2e9,51e
2e9,54e
2e9,555
2e9,556
2e9,55a
2e9,55c
2e9,58e
2e9,70e
2e9,715
2ea,305
2ea,311
2ea,317
2ea,31d
2ea,355
2ea,404
2ea,40d
2ea,415
2ea,41f
2ea,445
2ea,451
2ea,454
2ea,457
2ea,45d
2ea,475
2ea,485
2ea,49d
2ea,4d5
2ea,50c
2ea,51d
2ea,51e
2ea,54d
2ea,555
2ea,556
2ea,559
2ea,55c
2ea,58d
2ea,599
2ea,605
2ea,655
2ea,70d
2ea,715
2ec,311
2ec,317
2ec,31b
2ec,353
2ec,415
2ec,41f
2ec,451
2ec,457
2ec,45b
2ec,51d
2ec,51e
2ec,555
2ec,556
2ec,559
2ec,55a
2ec,599
2ec,715
2f1,306
2f1,30a
2f1,30c
2f1,30f
2f1,31e
2f1,32e
2f1,34e
2f1,38e
2f1,404
2f1,40d
2f1,40e
2f1,41f
2f1,446
2f1,44a
2f1,44c
2f1,44f
2f1,45e
2f1,46e
2f1,48c
2f1,48f
2f1,4ae
2f1,4ce
2f1,50c
2f1,51d
2f1,51e
2f1,54d
2f1,54e
2f1,556
2f1,55a
2f1,55c
2f1,56c
2f1,58d
2f1,58e
2f1,60f
2f1,64e
2f1,70d
2f1,70e
305,44a
305,45b
305,45e
305,46e
305,476
305,4ae
305,4cb
305,4ce
305,4d9
305,4dc
305,4e6
305,4e9
305,4ea
305,4ec
305,4f1
305,55a
306,449
306,451
306,45b
306,45d
306,46d
306,475
306,489
306,49d
306,4ad
306,4cb
306,4cd
306,4d5
306,4d9
306,4dc
306,4e5
306,4e9
306,4ea
306,4ec
306,4f1
306,559
306,599
309,446
309,454
309,457
309,45e
309,464
309,46e
309,475
309,476
309,4ae
309,4c7
309,4ce
309,4d5
309,4dc
309,4e5
309,4e6
309,4ea
309,4ec
309,4f1
309,556
309,666
30a,415
30a,445
30a,451
30a,454
30a,457
30a,45d
30a,464
30a,46d
30a,475
30a,476
30a,485
30a,49d
30a,4ad
30a,4c7
30a,4cd
30a,4d5
30a,4d9
30a,4dc
30a,4e5
30a,4e6
30a,4e9
30a,4ec
30a,4f1
30a,555
30a,655
30a,665
30a,6a5
30c,451
30c,457
30c,45b
30c,475
30c,476
30c,4c7
30c,4cb
30c,4d5
30c,4d9
30c,4e5
30c,4e6
30c,4e9
30c,4ea
30c,4f1
30f,451
30f,454
30f,464
30f,475
30f,476
30f,4d5
30f,4d9
30f,4dc
30f,4e5
30f,4e6
30f,4e9
30f,4ea
30f,4ec
30f,4f1
311,40e
311,446
311,44a
311,44c
311,44f
311,45e
311,464
311,46d
311,46e
311,476
311,48c
311,48f
311,4ad
311,4ae
311,4c7
311,4cb
311,4cd
311,4ce
311,4dc
311,4e5
311,4e6
311,4e9
311,4ea
311,4ec
311,54e
311,56c
311,58e
311,64e
311,666
317,449
317,44a
317,44c
317,464
317,46d
317,46e
317,489
317,48c
317,4ad
317,4ae
317,4cb
317,4cd
317,4ce
317,4d9
317,4dc
317,4e5
317,4e6
317,4e9
317,4ea
317,4ec
317,4f1
317,56c
31b,404
31b,445
31b,446
31b,44c
31b,454
31b,464
31b,46d
31b,46e
31b,475
31b,476
31b,485
31b,48c
31b,4ad
31b,4ae
31b,4c7
31b,4cd
31b,4ce
31b,4d5
31b,4dc
31b,4e5
31b,4e6
31b,4e9
31b,4ea
31b,4ec
31b,4f1
31b,56c
31b,665
31b,666
31b,6a5
31d,446
31d,44a
31d,464
31d,46e
31d,476
31d,4ae
31d,4c7
31d,4cb
31d,4ce
31d,4e5
31d,4e6
31d,4e9
31d,4ea
31d,4ec
31d,4f1
31d,666
31e,445
31e,449
31e,451
31e,464
31e,46d
31e,475
31e,485
31e,489
31e,4ad
31e,4c7
31e,4cb
31e,4cd
31e,4d5
31e,4d9
31e,4e5
31e,4e6
31e,4e9
31e,4ea
31e,4ec
31e,4f1
31e,665
31e,6a5
32d,446
32d,44a
32d,451
32d,454
32d,457
32d,45b
32d,45e
32d,476
32d,4c7
32d,4cb
32d,4ce
32d,4d5
32d,4d9
32d,4dc
32d,4e6
32d,4ea
32d,4f1
32d,556
32d,55a
32e,415
32e,445
32e,449
32e,451
32e,454
32e,457
32e,45b
32e,45d
32e,475
32e,485
32e,489
32e,49d
32e,4c7
32e,4cb
32e,4cd
32e,4d5
32e,4d9
32e,4dc
32e,4e5
32e,4e9
32e,4f1
32e,555
32e,559
32e,599
32e,655
347,489
347,48c
347,49d
347,4ad
347,4ae
347,4d9
347,4dc
347,4e9
347,4ea
347,4ec
347,4f1
347,599
34b,404
34b,415
34b,454
34b,464
34b,475
34b,476
34b,485
34b,48c
34b,49d
34b,4ad
34b,4ae
34b,4d5
34b,4dc
34b,4e5
34b,4e6
34b,4ec
34b,4f1
34b,6a5
34d,476
34d,4ae
34d,4e6
34d,4ea
34d,4f1
34e,415
34e,451
34e,475
34e,485
34e,489
34e,49d
34e,4ad
34e,4d5
34e,4d9
34e,4e5
34e,4e9
34e,4f1
34e,599
34e,6a5
353,404
353,40d
353,40e
353,44c
353,464
353,46d
353,46e
353,485
353,489
353,48c
353,48f
353,49d
353,4ad
353,4ae
353,4cd
353,4ce
353,4dc
353,4e5
353,4e6
353,4e9
353,4ea
353,4ec
353,50c
353,56c
353,58d
353,58e
353,68d
353,6a5
355,3aa
355,40e
355,44a
355,46e
355,489
355,48c
355,48f
355,4ad
355,4ae
355,4cb
355,4ce
355,4e6
355,4e9
355,4ea
355,4ec
355,58e
356,3a9
356,40d
356,449
356,46d
356,485
356,489
356,48c
356,48f
356,49d
356,4ad
356,4ae
356,4cb
356,4cd
356,4d9
356,4e5
356,4e9
356,4ea
356,4ec
356,4f1
356,58d
356,599
356,68d
356,6a5
359,404
359,40e
359,446
359,464
359,46e
359,476
359,485
359,48c
359,48f
359,4ad
359,4ae
359,4c7
359,4ce
359,4e5
359,4e6
359,4ea
359,4ec
359,58e
359,666
359,6a5
35a,404
35a,40d
35a,415
35a,445
35a,464
35a,46d
35a,475
35a,485
35a,489
35a,48c
35a,48f
35a,49d
35a,4ad
35a,4ae
35a,4c7
35a,4cd
35a,4d5
35a,4e5
35a,4e6
35a,4e9
35a,4ec
35a,4f1
35a,58d
35a,605
35a,665
35a,68d
35a,6a5
35c,485
35c,489
35c,48f
35c,4ad
35c,4ae
35c,4c7
35c,4cb
35c,4e5
35c,4e6
35c,4e9
35c,4ea
35c,4f1
35c,6a5
365,40e
365,41f
365,44a
365,45b
365,45e
365,489
365,48c
365,48f
365,49d
365,4ae
365,4cb
365,4ce
365,4d9
365,4dc
365,4ea
365,51e
365,55a
365,58e
365,599
366,399
366,40d
366,415
366,41f
366,449
366,451
366,45b
366,45d
366,485
366,489
366,48c
366,48f
366,49d
366,4ad
366,4cb
366,4cd
366,4d5
366,4d9
366,4dc
366,4e9
366,4f1
366,51d
366,559
366,58d
366,599
366,68d
369,404
369,40e
369,415
369,41f
369,446
369,454
369,457
369,45e
369,476
369,485
369,48c
369,48f
369,49d
369,4ae
369,4c7
369,4ce
369,4d5
369,4dc
369,4e6
369,51e
369,556
369,58e
36a,404
36a,40d
36a,415
36a,41f
36a,445
36a,451
36a,454
36a,457
36a,45d
36a,475
36a,485
36a,489
36a,48c
36a,48f
36a,49d
36a,4ad
36a,4c7
36a,4cd
36a,4d5
36a,4d9
36a,4dc
36a,4e5
36a,4f1
36a,51d
36a,555
36a,58d
36a,599
36a,605
36a,655
36a,68d
36a,6a5
36a,715
36c,415
36c,41f
36c,451
36c,457
36c,45b
36c,485
36c,489
36c,48f
36c,49d
36c,4c7
36c,4cb
36c,4d5
36c,4d9
36c,4f1
36c,599
371,38e
371,404
371,40d
371,40e
371,41f
371,446
371,44a
371,44c
371,44f
371,45e
371,46e
371,485
371,489
371,48c
371,48f
371,49d
371,4ad
371,4ae
371,4c7
371,4cb
371,4cd
371,4ce
371,4dc
371,4e6
371,4ea
371,4ec
371,50c
371,51e
371,54e
371,58d
371,58e
371,60f
371,64e
371,68d
371,70e
372,38d
372,404
372,40d
372,40e
372,415
372,41f
372,445
372,449
372,44c
372,44f
372,45d
372,46d
372,485
372,489
372,48c
372,48f
372,49d
372,4ad
372,4ae
372,4c7
372,4cb
372,4cd
372,4ce
372,4d5
372,4d9
372,4dc
372,4e5
372,4e9
372,4ec
372,50c
372,51d
372,54d
372,58d
372,58e
372,599
372,605
372,60f
372,64d
372,68d
372,6a5
372,70d
387,449
387,44a
387,44c
387,451
387,454
387,45b
387,45d
387,45e
387,464
387,46d
387,46e
387,475
387,476
387,4d9
387,4dc
387,4e9
387,4ea
387,4ec
387,4f1
387,559
387,55a
387,55c
387,56c
38b,404
38b,415
38b,445
38b,446
38b,44c
38b,451
38b,454
38b,457
38b,45d
38b,45e
38b,464
38b,46d
38b,46e
38b,475
38b,476
38b,4d5
38b,4dc
38b,4e5
38b,4e6
38b,4ec
38b,4f1
38b,555
38b,556
38b,55c
38b,56c
38b,655
38b,665
38b,666
38d,446
38d,44a
38d,451
38d,454
38d,457
38d,45b
38d,45e
38d,464
38d,46e
38d,475
38d,476
38d,4e6
38d,4ea
38d,4f1
38d,556
38d,55a
38d,666
38e,415
38e,445
38e,449
38e,451
38e,454
38e,457
38e,45b
38e,45d
38e,464
38e,46d
38e,475
38e,476
38e,4d5
38e,4d9
38e,4e5
38e,4e9
38e,4f1
38e,555
38e,559
38e,655
38e,665
399,404
399,40e
399,445
399,446
399,44a
399,44c
399,44f
399,454
399,457
399,45e
399,464
399,46d
399,46e
399,475
399,476
399,4ae
399,4c7
399,4ce
399,4e5
399,4e6
399,4ea
399,4ec
399,54e
399,556
399,56c
399,647
399,64e
399,665
399,666
3a9,404
3a9,40e
3a9,415
3a9,41f
3a9,445
3a9,446
3a9,44a
3a9,44c
3a9,44f
3a9,451
3a9,454
3a9,457
3a9,45b
3a9,45d
3a9,45e
3a9,464
3a9,46e
3a9,475
3a9,476
3a9,4c7
3a9,4ce
3a9,4d5
3a9,4dc
3a9,4e6
3a9,51e
3a9,54e
3a9,555
3a9,556
3a9,55a
3a9,55c
3a9,647
3a9,64e
3a9,655
3a9,666
3aa,404
3aa,40d
3aa,415
3aa,41f
3aa,445
3aa,446
3aa,449
3aa,44c
3aa,44f
3aa,451
3aa,454
3aa,457
3aa,45b
3aa,45d
3aa,45e
3aa,464
3aa,46d
3aa,475
3aa,476
3aa,485
3aa,49d
3aa,4c7
3aa,4cd
3aa,4d5
3aa,4d9
3aa,4dc
3aa,4e5
3aa,4f1
3aa,51d
3aa,54d
3aa,555
3aa,556
3aa,559
3aa,55c
3aa,605
3aa,647
3aa,64d
3aa,655
3aa,665
3aa,715
40e,4f1
415,4ea
446,599
44a,6a5
44a,715
451,4ae
451,58e
451,70e
45b,6a5
45e,6a5
464,599
46e,599
46e,715
475,58e
475,70e
476,489
476,58d
476,599
476,68d
476,70d
485,55a
489,556
489,666
49d,666
4ad,556
4ad,55a
4ae,555
4ae,559
4ae,655
4ae,715
4cb,715
4ce,715
4d5,70e
4d9,666
4d9,70e
4e5,51e
4e5,55a
4e5,70e
4e6,51d
4e6,559
4e6,599
4e6,70d
4e6,715
4e9,51e
4e9,556
4e9,70e
4e9,715
4ea,51d
4ea,555
4ea,605
4ea,655
4ea,70d
4ea,715
4ec,715
4f1,50c
4f1,51e
4f1,54e
4f1,58e
4f1,60f
4f1,64e
4f1,70d
4f1,70e
51d,666
51e,665
51e,6a5
54e,6a5
556,68d
556,6a5
559,666
559,6a5
55a,605
55a,665
55a,68d
55a,6a5
55c,6a5
58d,666
58e,655
58e,665
599,647
599,64e
599,665
599,666
