75,149
75,166
75,184
75,212
75,245
75,277
75,278
75,293
75,300
75,306
75,312
75,402
75,429
75,504
75,540
75,549
75,562
75,624
75,630
75,645
75,664
75,669
75,674
75,679
75,698
75,791
75,808
75,869
75,910
75,1045
75,1052
75,1062
75,1068
75,1073
75,1074
75,1164
75,1203
75,1254
75,1286
75,1304
75,1310
75,1313
75,1319
75,1337
75,1553
75,1582
75,1628
75,1705
77,147
77,154
77,163
77,166
77,180
77,184
77,278
77,291
77,312
77,354
77,371
77,411
77,420
77,504
77,531
77,554
77,564
77,624
77,630
77,664
77,679
77,723
77,771
77,788
77,791
77,808
77,811
77,828
77,910
77,1050
77,1062
77,1073
77,1106
77,1146
77,1155
77,1212
77,1254
77,1286
77,1304
77,1310
77,1313
77,1319
77,1337
77,1429
77,1546
77,1553
77,1563
77,1572
77,1582
77,1589
77,1705
83,141
83,142
83,166
83,169
83,180
83,184
83,270
83,293
83,312
83,332
83,366
83,393
83,438
83,504
83,526
83,540
83,549
83,553
83,554
83,564
83,645
83,664
83,669
83,674
83,679
83,698
83,788
83,811
83,869
83,1052
83,1062
83,1065
83,1128
83,1133
83,1167
83,1200
83,1254
83,1286
83,1304
83,1310
83,1313
83,1319
83,1337
83,1429
83,1546
83,1589
83,1628
83,1842
86,141
86,163
86,184
86,225
86,235
86,267
86,281
86,291
86,293
86,300
86,312
86,411
86,420
86,504
86,537
86,549
86,554
86,585
86,633
86,645
86,664
86,669
86,674
86,679
86,698
86,771
86,828
86,869
86,910
86,1035
86,1068
86,1073
86,1128
86,1133
86,1155
86,1164
86,1167
86,1200
86,1203
86,1212
86,1304
86,1319
86,1355
86,1429
86,1546
86,1553
86,1563
86,1572
86,1582
86,1589
86,1842
92,147
92,166
92,169
92,225
92,235
92,267
92,293
92,306
92,354
92,371
92,393
92,402
92,411
92,420
92,429
92,438
92,519
92,531
92,549
92,553
92,554
92,562
92,645
92,698
92,723
92,791
92,808
92,869
92,910
92,1031
92,1035
92,1062
92,1065
92,1073
92,1074
92,1167
92,1200
92,1254
92,1286
92,1337
92,1355
92,1429
92,1546
92,1553
92,1563
92,1572
92,1582
92,1589
101,142
101,147
101,184
101,202
101,222
101,267
101,270
101,278
101,281
101,306
101,312
101,393
101,438
101,504
101,526
101,531
101,537
101,540
101,554
101,562
101,669
101,674
101,723
101,771
101,788
101,791
101,808
101,811
101,828
101,1035
101,1052
101,1074
101,1106
101,1146
101,1155
101,1164
101,1167
101,1200
101,1203
101,1212
101,1286
101,1337
101,1355
101,1429
101,1553
101,1582
101,1628
101,1705
102,141
102,147
102,149
102,154
102,169
102,184
102,267
102,277
102,312
102,337
102,349
102,402
102,429
102,504
102,531
102,540
102,553
102,585
102,633
102,645
102,698
102,723
102,771
102,788
102,791
102,808
102,811
102,828
102,910
102,1035
102,1045
102,1050
102,1052
102,1065
102,1073
102,1155
102,1164
102,1167
102,1200
102,1203
102,1212
102,1310
102,1313
102,1355
102,1546
102,1589
102,1628
102,1842
106,141
106,147
106,180
106,212
106,245
106,278
106,281
106,293
106,337
106,349
106,393
106,402
106,411
106,420
106,429
106,438
106,519
106,531
106,537
106,540
106,549
106,564
106,664
106,679
106,723
106,771
106,828
106,869
106,910
106,1031
106,1052
106,1073
106,1093
106,1111
106,1155
106,1164
106,1167
106,1200
106,1203
106,1212
106,1286
106,1304
106,1310
106,1313
106,1319
106,1337
106,1563
106,1572
106,1628
106,1705
106,1842
113,141
113,154
113,166
113,202
113,222
113,267
113,278
113,300
113,332
113,366
113,393
113,402
113,411
113,420
113,429
113,438
113,519
113,540
113,554
113,582
113,591
113,645
113,664
113,669
113,674
113,679
113,698
113,771
113,788
113,791
113,808
113,811
113,828
113,1031
113,1035
113,1050
113,1052
113,1062
113,1068
113,1155
113,1212
113,1254
113,1304
113,1319
113,1355
113,1429
113,1563
113,1572
113,1628
113,1705
113,1842
120,141
120,142
120,147
120,149
120,163
120,166
120,267
120,270
120,277
120,278
120,291
120,293
120,393
120,402
120,411
120,420
120,429
120,438
120,526
120,531
120,549
120,582
120,591
120,669
120,674
120,723
120,788
120,811
120,869
120,1035
120,1045
120,1062
120,1093
120,1111
120,1164
120,1203
120,1254
120,1310
120,1313
120,1355
120,1546
120,1553
120,1563
120,1572
120,1582
120,1589
120,1705
120,1842
141,278
141,291
141,312
141,337
141,366
141,402
141,438
141,504
141,531
141,554
141,564
141,582
141,633
141,674
141,698
141,723
141,771
141,788
141,791
141,808
141,811
141,828
141,869
141,1050
141,1062
141,1073
141,1111
141,1128
141,1200
141,1203
141,1254
141,1286
141,1304
141,1310
141,1313
141,1319
141,1337
141,1355
141,1546
141,1553
141,1563
141,1572
141,1582
141,1589
141,1628
142,225
142,245
142,277
142,281
142,291
142,293
142,306
142,312
142,349
142,354
142,504
142,531
142,537
142,549
142,553
142,562
142,564
142,585
142,630
142,723
142,771
142,788
142,791
142,808
142,811
142,828
142,1045
142,1065
142,1074
142,1093
142,1106
142,1111
142,1128
142,1133
142,1146
142,1200
142,1203
142,1304
142,1319
142,1355
142,1429
142,1563
142,1572
142,1628
142,1705
147,270
147,293
147,312
147,349
147,354
147,420
147,429
147,504
147,526
147,540
147,549
147,553
147,554
147,564
147,582
147,585
147,591
147,624
147,630
147,633
147,788
147,811
147,910
147,1052
147,1062
147,1065
147,1093
147,1146
147,1164
147,1212
147,1254
147,1286
147,1304
147,1310
147,1313
147,1319
147,1337
147,1355
147,1546
147,1589
147,1705
147,1842
149,202
149,235
149,267
149,270
149,291
149,300
149,306
149,312
149,332
149,371
149,504
149,526
149,553
149,562
149,582
149,585
149,591
149,624
149,630
149,633
149,674
149,698
149,771
149,828
149,869
149,910
149,1035
149,1050
149,1062
149,1065
149,1068
149,1074
149,1106
149,1133
149,1254
149,1286
149,1304
149,1310
149,1313
149,1319
149,1337
149,1563
149,1572
149,1628
149,1705
154,225
154,245
154,277
154,291
154,300
154,332
154,337
154,349
154,354
154,366
154,371
154,420
154,429
154,519
154,553
154,564
154,582
154,585
154,591
154,624
154,630
154,633
154,645
154,679
154,771
154,788
154,791
154,808
154,811
154,828
154,1031
154,1045
154,1062
154,1065
154,1068
154,1073
154,1111
154,1128
154,1254
154,1286
154,1337
154,1355
154,1429
154,1553
154,1582
154,1628
154,1705
154,1842
163,212
163,222
163,270
163,277
163,278
163,281
163,300
163,312
163,337
163,366
163,504
163,526
163,537
163,564
163,582
163,585
163,591
163,624
163,630
163,633
163,664
163,669
163,791
163,808
163,869
163,910
163,1045
163,1050
163,1068
163,1093
163,1106
163,1111
163,1128
163,1133
163,1146
163,1164
163,1212
163,1286
163,1337
163,1355
163,1429
163,1546
163,1553
163,1563
163,1572
163,1582
163,1589
163,1842
166,267
166,277
166,312
166,332
166,371
166,393
166,411
166,504
166,531
166,540
166,553
166,591
166,624
166,664
166,669
166,723
166,771
166,788
166,791
166,808
166,811
166,828
166,869
166,1035
166,1045
166,1050
166,1052
166,1065
166,1073
166,1093
166,1106
166,1111
166,1128
166,1133
166,1146
166,1310
166,1313
166,1429
166,1546
166,1589
166,1705
166,1842
169,212
169,222
169,270
169,277
169,306
169,332
169,337
169,349
169,354
169,366
169,371
169,402
169,438
169,519
169,526
169,531
169,540
169,562
169,564
169,591
169,624
169,723
169,771
169,828
169,869
169,910
169,1031
169,1045
169,1050
169,1052
169,1062
169,1074
169,1093
169,1146
169,1254
169,1304
169,1319
169,1355
169,1429
169,1546
169,1553
169,1563
169,1572
169,1582
169,1589
180,202
180,235
180,270
180,281
180,291
180,332
180,337
180,349
180,354
180,366
180,371
180,393
180,411
180,519
180,526
180,531
180,537
180,553
180,554
180,582
180,633
180,723
180,791
180,808
180,869
180,910
180,1031
180,1050
180,1065
180,1093
180,1106
180,1111
180,1128
180,1133
180,1146
180,1155
180,1167
180,1286
180,1304
180,1310
180,1313
180,1319
180,1337
180,1553
180,1582
180,1628
180,1705
180,1842
184,267
184,270
184,277
184,278
184,291
184,293
184,332
184,337
184,349
184,354
184,366
184,371
184,526
184,531
184,549
184,585
184,630
184,645
184,679
184,723
184,788
184,811
184,910
184,1035
184,1045
184,1062
184,1106
184,1133
184,1155
184,1167
184,1254
184,1310
184,1313
184,1429
184,1546
184,1553
184,1563
184,1572
184,1582
184,1589
184,1628
184,1842
202,245
202,278
202,281
202,291
202,300
202,306
202,312
202,337
202,349
202,371
202,420
202,429
202,438
202,519
202,531
202,537
202,540
202,553
202,562
202,624
202,630
202,633
202,645
202,669
202,679
202,771
202,808
202,811
202,1031
202,1052
202,1062
202,1065
202,1068
202,1074
202,1093
202,1111
202,1133
202,1200
202,1203
202,1212
202,1286
202,1304
202,1310
202,1563
202,1582
202,1628
202,1705
212,235
212,270
212,281
212,293
212,300
212,306
212,312
212,354
212,366
212,371
212,393
212,411
212,429
212,519
212,526
212,531
212,537
212,549
212,562
212,585
212,591
212,633
212,674
212,679
212,698
212,791
212,828
212,869
212,910
212,1031
212,1050
212,1062
212,1068
212,1073
212,1074
212,1128
212,1133
212,1146
212,1155
212,1167
212,1203
212,1286
212,1304
212,1310
212,1553
212,1572
212,1589
222,225
222,267
222,277
222,281
222,300
222,306
222,312
222,337
222,354
222,371
222,393
222,420
222,429
222,519
222,531
222,537
222,554
222,562
222,564
222,585
222,624
222,633
222,645
222,674
222,679
222,788
222,791
222,828
222,1031
222,1035
222,1045
222,1062
222,1068
222,1074
222,1093
222,1128
222,1133
222,1155
222,1200
222,1203
222,1286
222,1304
222,1355
222,1429
222,1546
222,1563
222,1582
225,267
225,277
225,281
225,300
225,306
225,312
225,332
225,349
225,366
225,402
225,411
225,438
225,519
225,531
225,537
225,554
225,562
225,564
225,582
225,591
225,630
225,664
225,669
225,698
225,771
225,808
225,811
225,1031
225,1035
225,1045
225,1062
225,1068
225,1074
225,1106
225,1111
225,1146
225,1164
225,1167
225,1212
225,1319
225,1337
225,1355
225,1429
225,1553
225,1572
225,1589
235,270
235,281
235,293
235,300
235,306
235,312
235,332
235,337
235,349
235,402
235,420
235,438
235,519
235,526
235,531
235,537
235,549
235,562
235,582
235,624
235,630
235,645
235,664
235,669
235,771
235,808
235,869
235,910
235,1031
235,1050
235,1062
235,1068
235,1073
235,1074
235,1093
235,1106
235,1111
235,1164
235,1200
235,1212
235,1313
235,1319
235,1337
235,1546
235,1563
235,1582
245,278
245,281
245,291
245,300
245,306
245,312
245,332
245,354
245,366
245,393
245,402
245,411
245,519
245,531
245,537
245,540
245,553
245,562
245,582
245,585
245,591
245,664
245,674
245,698
245,788
245,791
245,828
245,1031
245,1052
245,1062
245,1065
245,1068
245,1074
245,1106
245,1128
245,1146
245,1155
245,1164
245,1167
245,1313
245,1319
245,1337
245,1553
245,1572
245,1628
245,1705
267,420
267,438
267,504
267,540
267,549
267,562
267,582
267,633
267,645
267,664
267,669
267,674
267,679
267,698
267,723
267,788
267,828
267,869
267,1045
267,1052
267,1062
267,1068
267,1073
267,1074
267,1093
267,1106
267,1111
267,1128
267,1133
267,1146
267,1164
267,1203
267,1429
267,1553
267,1582
267,1705
267,1842
270,337
270,371
270,504
270,531
270,537
270,549
270,553
270,562
270,564
270,585
270,630
270,645
270,664
270,669
270,674
270,679
270,698
270,869
270,1045
270,1065
270,1074
270,1093
270,1106
270,1111
270,1128
270,1133
270,1146
270,1155
270,1212
270,1254
270,1313
270,1337
270,1429
270,1563
270,1572
270,1628
270,1842
277,354
277,366
277,504
277,526
277,553
277,562
277,582
277,585
277,591
277,624
277,630
277,633
277,664
277,679
277,723
277,808
277,811
277,910
277,1035
277,1050
277,1062
277,1065
277,1068
277,1074
277,1106
277,1133
277,1155
277,1164
277,1167
277,1200
277,1203
277,1212
277,1355
277,1563
277,1572
277,1628
277,1842
278,393
278,429
278,504
278,537
278,549
278,554
278,591
278,624
278,645
278,664
278,669
278,674
278,679
278,698
278,723
278,808
278,811
278,869
278,1035
278,1068
278,1073
278,1093
278,1146
278,1155
278,1164
278,1167
278,1200
278,1203
278,1212
278,1254
278,1313
278,1337
278,1355
278,1546
278,1553
278,1563
278,1572
278,1582
278,1589
278,1628
281,354
281,366
281,420
281,438
281,519
281,526
281,549
281,554
281,562
281,564
281,591
281,624
281,645
281,698
281,723
281,869
281,910
281,1031
281,1068
281,1074
281,1093
281,1106
281,1111
281,1128
281,1133
281,1146
281,1155
281,1164
281,1167
281,1200
281,1203
281,1212
281,1286
281,1319
281,1546
281,1589
281,1628
281,1705
281,1842
291,332
291,349
291,504
291,526
291,537
291,564
291,582
291,585
291,591
291,624
291,630
291,633
291,645
291,698
291,723
291,788
291,828
291,910
291,1045
291,1050
291,1068
291,1093
291,1106
291,1111
291,1128
291,1133
291,1146
291,1167
291,1200
291,1254
291,1304
291,1310
291,1429
291,1546
291,1553
291,1563
291,1572
291,1582
291,1589
291,1705
293,402
293,411
293,504
293,526
293,531
293,537
293,540
293,554
293,562
293,582
293,585
293,591
293,624
293,630
293,633
293,669
293,674
293,910
293,1035
293,1052
293,1074
293,1111
293,1128
293,1155
293,1164
293,1167
293,1200
293,1203
293,1212
293,1254
293,1304
293,1310
293,1355
293,1553
293,1582
293,1705
293,1842
300,337
300,371
300,402
300,411
300,519
300,537
300,562
300,582
300,585
300,591
300,624
300,630
300,633
300,645
300,664
300,669
300,674
300,679
300,698
300,771
300,791
300,1031
300,1035
300,1045
300,1050
300,1073
300,1074
300,1093
300,1146
300,1167
300,1200
300,1254
300,1355
300,1429
300,1546
300,1589
300,1628
300,1705
300,1842
306,332
306,349
306,393
306,429
306,519
306,526
306,537
306,540
306,549
306,553
306,582
306,633
306,664
306,679
306,723
306,869
306,910
306,1031
306,1035
306,1045
306,1052
306,1065
306,1068
306,1111
306,1128
306,1155
306,1212
306,1254
306,1355
306,1429
306,1546
306,1553
306,1563
306,1572
306,1582
306,1589
312,526
312,531
312,549
312,585
312,630
312,669
312,674
312,771
312,791
312,869
312,910
312,1035
312,1045
312,1062
312,1106
312,1133
312,1164
312,1203
312,1286
312,1319
312,1355
312,1429
312,1546
312,1553
312,1563
312,1572
312,1582
312,1589
312,1628
312,1705
332,371
332,402
332,411
332,438
332,519
332,537
332,549
332,553
332,554
332,564
332,624
332,630
332,633
332,645
332,664
332,669
332,771
332,791
332,811
332,1031
332,1035
332,1045
332,1050
332,1062
332,1065
332,1106
332,1111
332,1146
332,1167
332,1212
332,1254
332,1313
332,1319
332,1337
332,1429
332,1546
332,1572
332,1582
337,366
337,420
337,429
337,438
337,519
337,540
337,549
337,553
337,562
337,564
337,582
337,591
337,630
337,645
337,664
337,669
337,808
337,811
337,828
337,1031
337,1035
337,1050
337,1052
337,1065
337,1074
337,1128
337,1133
337,1146
337,1155
337,1200
337,1203
337,1286
337,1310
337,1319
337,1563
337,1589
337,1628
337,1842
349,354
349,402
349,420
349,438
349,519
349,526
349,531
349,549
349,553
349,564
349,582
349,624
349,630
349,645
349,664
349,723
349,771
349,808
349,811
349,910
349,1031
349,1035
349,1050
349,1065
349,1068
349,1073
349,1106
349,1128
349,1146
349,1164
349,1167
349,1212
349,1286
349,1313
349,1319
349,1553
349,1563
349,1589
354,393
354,411
354,429
354,519
354,526
354,531
354,549
354,553
354,564
354,585
354,591
354,633
354,679
354,698
354,723
354,788
354,791
354,828
354,910
354,1031
354,1035
354,1050
354,1065
354,1068
354,1073
354,1093
354,1111
354,1133
354,1155
354,1200
354,1203
354,1304
354,1310
354,1337
354,1546
354,1572
354,1582
366,393
366,402
366,411
366,519
366,540
366,549
366,553
366,562
366,564
366,585
366,624
366,633
366,674
366,679
366,698
366,771
366,788
366,791
366,1031
366,1035
366,1050
366,1052
366,1065
366,1074
366,1093
366,1106
366,1111
366,1164
366,1167
366,1212
366,1304
366,1313
366,1337
366,1546
366,1572
366,1628
366,1842
371,393
371,420
371,429
371,519
371,537
371,549
371,553
371,554
371,564
371,582
371,585
371,591
371,674
371,679
371,698
371,788
371,808
371,828
371,1031
371,1035
371,1045
371,1050
371,1062
371,1065
371,1093
371,1128
371,1133
371,1155
371,1200
371,1254
371,1286
371,1304
371,1310
371,1429
371,1553
371,1563
371,1589
393,438
393,519
393,526
393,531
393,540
393,549
393,554
393,591
393,633
393,674
393,679
393,698
393,723
393,788
393,791
393,828
393,869
393,1031
393,1045
393,1050
393,1052
393,1068
393,1073
393,1093
393,1128
393,1133
393,1200
393,1203
393,1212
393,1286
393,1310
393,1319
393,1546
393,1553
393,1563
402,429
402,519
402,526
402,537
402,540
402,554
402,564
402,582
402,624
402,630
402,645
402,669
402,679
402,808
402,811
402,828
402,1031
402,1035
402,1045
402,1052
402,1062
402,1073
402,1111
402,1146
402,1164
402,1167
402,1212
402,1254
402,1313
402,1319
402,1337
402,1355
402,1546
402,1553
402,1563
411,420
411,519
411,526
411,540
411,553
411,554
411,562
411,585
411,591
411,633
411,645
411,674
411,679
411,788
411,808
411,828
411,1031
411,1045
411,1052
411,1065
411,1073
411,1074
411,1106
411,1111
411,1146
411,1164
411,1200
411,1212
411,1286
411,1313
411,1319
411,1546
411,1553
411,1705
411,1842
420,519
420,526
420,540
420,553
420,554
420,562
420,582
420,624
420,630
420,664
420,669
420,698
420,771
420,791
420,811
420,1031
420,1045
420,1052
420,1065
420,1073
420,1074
420,1093
420,1128
420,1133
420,1155
420,1167
420,1203
420,1304
420,1310
420,1337
420,1582
420,1589
420,1705
420,1842
429,519
429,526
429,537
429,540
429,554
429,564
429,585
429,591
429,633
429,664
429,674
429,698
429,771
429,788
429,791
429,1031
429,1035
429,1045
429,1052
429,1062
429,1073
429,1093
429,1128
429,1155
429,1200
429,1203
429,1254
429,1286
429,1304
429,1310
429,1355
429,1572
429,1582
429,1589
438,519
438,526
438,531
438,540
438,549
438,554
438,582
438,624
438,645
438,664
438,669
438,723
438,771
438,808
438,811
438,869
438,1031
438,1045
438,1050
438,1052
438,1068
438,1073
438,1106
438,1111
438,1146
438,1155
438,1164
438,1167
438,1304
438,1313
438,1337
438,1572
438,1582
438,1589
504,537
504,540
504,553
504,554
504,562
504,564
504,585
504,630
504,669
504,674
504,723
504,788
504,811
504,869
504,910
504,1050
504,1052
504,1065
504,1068
504,1073
504,1074
504,1106
504,1133
504,1164
504,1203
504,1254
504,1310
504,1313
504,1355
504,1429
504,1628
504,1705
504,1842
519,624
519,633
519,664
519,698
519,808
519,828
519,1050
519,1052
519,1065
519,1068
519,1073
519,1074
519,1106
519,1133
519,1164
519,1203
519,1254
519,1310
519,1313
519,1355
519,1429
519,1628
519,1705
519,1842
526,624
526,633
526,723
526,869
526,1045
526,1065
526,1074
526,1093
526,1106
526,1111
526,1128
526,1133
526,1146
526,1155
526,1212
526,1254
526,1304
526,1319
526,1355
526,1553
526,1589
526,1705
526,1842
531,808
531,828
531,869
531,910
531,1052
531,1062
531,1065
531,1093
531,1146
531,1167
531,1200
531,1286
531,1304
531,1310
531,1313
531,1319
531,1337
531,1355
531,1429
531,1572
531,1582
531,1628
531,1705
537,582
537,630
537,674
537,679
537,869
537,910
537,1031
537,1068
537,1074
537,1093
537,1106
537,1111
537,1128
537,1133
537,1146
537,1155
537,1164
537,1167
537,1200
537,1203
537,1212
537,1310
537,1313
537,1355
537,1429
537,1572
537,1582
537,1842
540,674
540,679
540,723
540,771
540,811
540,869
540,1031
540,1035
540,1062
540,1065
540,1073
540,1074
540,1093
540,1106
540,1111
540,1128
540,1133
540,1146
540,1167
540,1200
540,1286
540,1337
540,1429
540,1705
540,1842
549,664
549,698
549,723
549,910
549,1035
549,1052
549,1074
549,1111
549,1128
549,1155
549,1164
549,1167
549,1200
549,1203
549,1212
549,1254
549,1286
549,1337
549,1429
549,1546
549,1563
549,1628
549,1842
553,582
553,630
553,723
553,788
553,791
553,910
553,1031
553,1045
553,1050
553,1052
553,1062
553,1074
553,1093
553,1146
553,1155
553,1164
553,1167
553,1200
553,1203
553,1212
553,1304
553,1319
553,1355
553,1628
553,1842
554,645
554,669
554,723
554,788
554,791
554,869
554,1031
554,1052
554,1073
554,1106
554,1133
554,1155
554,1164
554,1167
554,1200
554,1203
554,1212
554,1254
554,1286
554,1304
554,1310
554,1313
554,1319
554,1337
554,1355
554,1553
554,1589
554,1628
562,585
562,591
562,645
562,669
562,869
562,910
562,1031
562,1035
562,1045
562,1052
562,1065
562,1068
562,1111
562,1128
562,1155
562,1212
562,1254
562,1286
562,1304
562,1310
562,1313
562,1319
562,1337
562,1628
562,1705
564,585
564,591
564,723
564,771
564,811
564,910
564,1031
564,1050
564,1065
564,1093
564,1106
564,1111
564,1128
564,1133
564,1146
564,1164
564,1203
564,1254
564,1286
564,1304
564,1310
564,1313
564,1319
564,1337
564,1429
564,1546
564,1563
564,1705
582,633
582,664
582,669
582,698
582,808
582,811
582,828
582,1035
582,1045
582,1050
582,1052
582,1068
582,1074
582,1128
582,1133
582,1146
582,1155
582,1164
582,1167
582,1310
582,1319
582,1355
582,1553
582,1563
582,1589
582,1842
585,630
585,674
585,679
585,698
585,788
585,791
585,828
585,910
585,1031
585,1045
585,1050
585,1052
585,1068
585,1073
585,1106
585,1111
585,1146
585,1155
585,1164
585,1167
585,1304
585,1313
585,1337
585,1572
585,1582
585,1589
591,624
591,664
591,674
591,698
591,788
591,808
591,828
591,1045
591,1050
591,1052
591,1062
591,1065
591,1068
591,1106
591,1128
591,1146
591,1155
591,1164
591,1254
591,1286
591,1310
591,1319
591,1553
591,1572
591,1589
591,1705
624,645
624,669
624,679
624,771
624,791
624,811
624,1045
624,1050
624,1052
624,1062
624,1065
624,1068
624,1093
624,1111
624,1133
624,1203
624,1212
624,1254
624,1304
624,1313
624,1337
624,1546
624,1563
624,1582
624,1705
630,645
630,664
630,669
630,771
630,808
630,811
630,910
630,1031
630,1045
630,1050
630,1052
630,1068
630,1073
630,1093
630,1128
630,1133
630,1200
630,1203
630,1212
630,1286
630,1310
630,1319
630,1546
630,1553
630,1563
633,645
633,674
633,679
633,771
633,788
633,791
633,1035
633,1045
633,1050
633,1052
633,1068
633,1074
633,1093
633,1106
633,1111
633,1200
633,1203
633,1212
633,1304
633,1313
633,1355
633,1546
633,1572
633,1582
633,1842
645,698
645,808
645,811
645,828
645,1035
645,1052
645,1062
645,1065
645,1068
645,1073
645,1111
645,1133
645,1200
645,1203
645,1212
645,1254
645,1286
645,1313
645,1319
645,1546
645,1563
645,1582
645,1628
664,679
664,771
664,791
664,811
664,1035
664,1045
664,1065
664,1068
664,1073
664,1074
664,1106
664,1128
664,1146
664,1155
664,1167
664,1203
664,1310
664,1337
664,1429
664,1572
664,1582
664,1589
664,1842
669,674
669,771
669,808
669,811
669,869
669,1031
669,1035
669,1050
669,1065
669,1068
669,1073
669,1093
669,1111
669,1133
669,1155
669,1200
669,1203
669,1304
669,1310
669,1337
669,1546
669,1572
669,1582
674,788
674,791
674,828
674,869
674,1031
674,1035
674,1050
674,1065
674,1068
674,1073
674,1106
674,1128
674,1146
674,1164
674,1167
674,1212
674,1286
674,1313
674,1319
674,1553
674,1563
674,1589
679,788
679,808
679,828
679,1035
679,1045
679,1065
679,1068
679,1073
679,1074
679,1093
679,1111
679,1133
679,1164
679,1200
679,1212
679,1286
679,1313
679,1429
679,1546
679,1553
679,1563
679,1842
698,771
698,788
698,791
698,1035
698,1052
698,1062
698,1065
698,1068
698,1073
698,1106
698,1128
698,1155
698,1164
698,1167
698,1254
698,1304
698,1310
698,1337
698,1553
698,1572
698,1589
698,1628
723,788
723,811
723,869
723,910
723,1031
723,1035
723,1045
723,1050
723,1073
723,1074
723,1093
723,1146
723,1167
723,1200
723,1254
723,1355
723,1429
723,1546
723,1589
723,1628
723,1705
723,1842
771,828
771,1045
771,1050
771,1062
771,1065
771,1073
771,1074
771,1093
771,1106
771,1111
771,1167
771,1203
771,1304
771,1310
771,1337
771,1429
771,1572
771,1582
771,1589
771,1705
788,811
788,1031
788,1050
788,1062
788,1068
788,1073
788,1074
788,1093
788,1106
788,1111
788,1164
788,1200
788,1212
788,1313
788,1319
788,1337
788,1546
788,1563
788,1582
791,808
791,1035
791,1050
791,1052
791,1062
791,1073
791,1074
791,1093
791,1106
791,1155
791,1167
791,1203
791,1304
791,1313
791,1337
791,1355
791,1546
791,1572
791,1582
791,1628
808,1035
808,1050
808,1052
808,1062
808,1073
808,1074
808,1133
808,1146
808,1164
808,1200
808,1212
808,1286
808,1310
808,1319
808,1355
808,1553
808,1563
808,1589
808,1628
811,1031
811,1050
811,1062
811,1068
811,1073
811,1074
811,1128
811,1133
811,1146
811,1155
811,1167
811,1203
811,1286
811,1304
811,1310
811,1553
811,1572
811,1589
828,1045
828,1050
828,1062
828,1065
828,1073
828,1074
828,1128
828,1133
828,1146
828,1164
828,1200
828,1286
828,1313
828,1319
828,1429
828,1546
828,1553
828,1563
828,1705
869,910
869,1031
869,1045
869,1062
869,1065
869,1068
869,1073
869,1111
869,1128
869,1254
869,1286
869,1337
869,1355
869,1429
869,1553
869,1582
869,1628
869,1705
869,1842
910,1031
910,1035
910,1050
910,1052
910,1062
910,1068
910,1155
910,1212
910,1254
910,1304
910,1319
910,1355
910,1429
910,1563
910,1572
910,1628
910,1705
910,1842
1031,1128
1031,1146
1031,1200
1031,1212
1031,1304
1031,1337
1031,1628
1031,1705
1031,1842
1035,1200
1035,1212
1035,1254
1035,1429
1035,1572
1035,1589
1035,1628
1035,1842
1045,1128
1045,1146
1045,1254
1045,1355
1045,1546
1045,1582
1045,1705
1045,1842
1050,1093
1050,1133
1050,1254
1050,1313
1050,1319
1050,1429
1050,1572
1050,1589
1050,1705
1052,1155
1052,1203
1052,1254
1052,1313
1052,1319
1052,1355
1052,1705
1052,1842
1062,1304
1062,1337
1062,1355
1062,1429
1062,1553
1062,1563
1062,1628
1062,1705
1065,1106
1065,1111
1065,1254
1065,1286
1065,1310
1065,1429
1065,1628
1065,1842
1068,1106
1068,1111
1068,1155
1068,1203
1068,1355
1068,1429
1068,1553
1068,1563
1068,1842
1073,1164
1073,1167
1073,1254
1073,1286
1073,1310
1073,1355
1073,1546
1073,1582
1073,1628
1074,1093
1074,1133
1074,1164
1074,1167
1074,1355
1074,1429
1074,1628
1074,1705
1093,1146
1093,1200
1093,1203
1093,1212
1093,1304
1093,1310
1093,1337
1093,1546
1093,1563
1093,1582
1093,1705
1106,1133
1106,1164
1106,1167
1106,1212
1106,1313
1106,1319
1106,1337
1106,1429
1106,1572
1106,1582
1106,1589
1111,1128
1111,1164
1111,1200
1111,1212
1111,1304
1111,1313
1111,1337
1111,1546
1111,1572
1111,1582
1111,1842
1128,1155
1128,1167
1128,1203
1128,1286
1128,1310
1128,1319
1128,1553
1128,1563
1128,1589
1128,1842
1133,1155
1133,1200
1133,1203
1133,1286
1133,1304
1133,1310
1133,1429
1133,1546
1133,1553
1133,1563
1146,1155
1146,1164
1146,1167
1146,1286
1146,1313
1146,1319
1146,1553
1146,1572
1146,1589
1146,1705
1155,1212
1155,1304
1155,1310
1155,1337
1155,1572
1155,1582
1155,1589
1155,1842
1164,1203
1164,1313
1164,1319
1164,1337
1164,1355
1164,1553
1164,1563
1164,1589
1167,1200
1167,1304
1167,1313
1167,1337
1167,1553
1167,1572
1167,1589
1167,1628
1200,1286
1200,1310
1200,1319
1200,1546
1200,1563
1200,1582
1200,1628
1203,1286
1203,1304
1203,1310
1203,1355
1203,1546
1203,1572
1203,1582
1212,1286
1212,1313
1212,1319
1212,1546
1212,1553
1212,1563
1212,1842
1254,1310
1254,1313
1254,1355
1254,1429
1254,1546
1254,1589
1254,1628
1254,1705
1254,1842
1286,1337
1286,1553
1286,1563
1286,1589
1286,1628
1304,1319
1304,1572
1304,1582
1304,1589
1304,1705
1310,1313
1310,1553
1310,1572
1310,1589
1313,1546
1313,1563
1313,1582
1319,1546
1319,1553
1319,1563
1319,1705
1337,1546
1337,1572
1337,1582
1337,1628
1355,1429
1355,1553
1355,1582
1355,1628
1355,1705
1355,1842
1429,1563
1429,1572
1429,1628
1429,1705
1429,1842
1546,1589
1553,1582
1563,1572
1628,1705
1628,1842
1705,1842
